;code;character;description
1;129525;ğŸ§µ;spool thread
2;129526;ğŸ§¶;ball yarn
3;127183;ğŸƒ;playing card black joker
4;129296;ğŸ¤;zipper-mouth face
5;129297;ğŸ¤‘;money-mouth face
6;129298;ğŸ¤’;face thermometer
7;129299;ğŸ¤“;nerd face
8;129300;ğŸ¤”;thinking face
9;129301;ğŸ¤•;face head-bandage
10;129302;ğŸ¤–;robot face
11;129303;ğŸ¤—;hugging face
12;129304;ğŸ¤˜;sign horns
13;129305;ğŸ¤™;call hand
14;129306;ğŸ¤š;raised back hand
15;129307;ğŸ¤›;left-facing fist
16;129308;ğŸ¤œ;right-facing fist
17;129309;ğŸ¤;handshake
18;129310;ğŸ¤;hand index middle fingers crossed
19;129311;ğŸ¤Ÿ;love hand sign
20;129312;ğŸ¤ ;face cowboy hat
21;129313;ğŸ¤¡;clown face
22;129314;ğŸ¤¢;nauseated face
23;129315;ğŸ¤£;rolling floor laughing
24;129316;ğŸ¤¤;drooling face
25;129317;ğŸ¤¥;lying face
26;129318;ğŸ¤¦;face palm
27;129319;ğŸ¤§;sneezing face
28;129320;ğŸ¤¨;face one eyebrow raised
29;129321;ğŸ¤©;grinning face star eyes
30;129322;ğŸ¤ª;grinning face one large one small eye
31;129323;ğŸ¤«;face finger covering closed lips
32;129324;ğŸ¤¬;serious face symbols covering mouth
33;129325;ğŸ¤­;smiling face smiling eyes hand covering mouth
34;129326;ğŸ¤®;face open mouth vomiting
35;129327;ğŸ¤¯;shocked face exploding head
36;129328;ğŸ¤°;pregnant woman
37;129329;ğŸ¤±;breast-feeding
38;129330;ğŸ¤²;palms together
39;129331;ğŸ¤³;selfie
40;129332;ğŸ¤´;prince
41;129333;ğŸ¤µ;man tuxedo
42;129334;ğŸ¤¶;mother christmas
43;129335;ğŸ¤·;shrug
44;129336;ğŸ¤¸;person cartwheel
45;129337;ğŸ¤¹;juggling
46;129338;ğŸ¤º;fencer
48;129340;ğŸ¤¼;wrestlers
49;129341;ğŸ¤½;water polo
50;129342;ğŸ¤¾;handball
51;129344;ğŸ¥€;wilted flower
52;129345;ğŸ¥;drum drumsticks
53;129346;ğŸ¥‚;clinking glasses
54;129347;ğŸ¥ƒ;tumbler glass
55;129348;ğŸ¥„;spoon
56;129349;ğŸ¥…;goal net
58;129351;ğŸ¥‡;first place medal
59;129352;ğŸ¥ˆ;second place medal
60;129353;ğŸ¥‰;third place medal
61;129354;ğŸ¥Š;boxing glove
62;129355;ğŸ¥‹;martial arts uniform
63;129356;ğŸ¥Œ;curling stone
64;129357;ğŸ¥;lacrosse stick ball
65;129358;ğŸ¥;softball
66;129359;ğŸ¥;flying disc
67;129360;ğŸ¥;croissant
68;129361;ğŸ¥‘;avocado
69;129362;ğŸ¥’;cucumber
70;129363;ğŸ¥“;bacon
71;129364;ğŸ¥”;potato
72;129365;ğŸ¥•;carrot
73;129366;ğŸ¥–;baguette bread
74;129367;ğŸ¥—;green salad
75;129368;ğŸ¥˜;shallow pan food
76;129369;ğŸ¥™;stuffed flatbread
77;129370;ğŸ¥š;egg
78;129371;ğŸ¥›;glass milk
79;129372;ğŸ¥œ;peanuts
80;129373;ğŸ¥;kiwifruit
81;129374;ğŸ¥;pancakes
82;129375;ğŸ¥Ÿ;dumpling
83;129376;ğŸ¥ ;fortune cookie
84;129377;ğŸ¥¡;takeout box
85;129378;ğŸ¥¢;chopsticks
86;129379;ğŸ¥£;bowl spoon
87;129380;ğŸ¥¤;cup straw
88;129381;ğŸ¥¥;coconut
89;129382;ğŸ¥¦;broccoli
90;129383;ğŸ¥§;pie
91;129384;ğŸ¥¨;pretzel
92;129385;ğŸ¥©;cut meat
93;129386;ğŸ¥ª;sandwich
94;129387;ğŸ¥«;canned food
95;129388;ğŸ¥¬;leafy green
96;129389;ğŸ¥­;mango
97;129390;ğŸ¥®;moon cake
98;129391;ğŸ¥¯;bagel
99;129392;ğŸ¥°;smiling face smiling eyes three hearts
100;129395;ğŸ¥³;face party horn party hat
101;129396;ğŸ¥´;face uneven eyes wavy mouth
102;129397;ğŸ¥µ;overheated face
103;129398;ğŸ¥¶;freezing face
104;129402;ğŸ¥º;face pleading eyes
105;129404;ğŸ¥¼;lab coat
106;129405;ğŸ¥½;goggles
107;129406;ğŸ¥¾;hiking boot
108;129407;ğŸ¥¿;flat shoe
109;129408;ğŸ¦€;crab
110;129409;ğŸ¦;lion face
111;129410;ğŸ¦‚;scorpion
112;129411;ğŸ¦ƒ;turkey
113;129412;ğŸ¦„;unicorn face
114;129413;ğŸ¦…;eagle
115;129414;ğŸ¦†;duck
116;129415;ğŸ¦‡;bat
117;129416;ğŸ¦ˆ;shark
118;129417;ğŸ¦‰;owl
119;129418;ğŸ¦Š;fox face
120;129419;ğŸ¦‹;butterfly
121;129420;ğŸ¦Œ;deer
122;129421;ğŸ¦;gorilla
124;129422;ğŸ¦;lizard
125;129423;ğŸ¦;rhinoceros
136;129426;ğŸ¦’;giraffe face
137;129427;ğŸ¦“;zebra face
138;129428;ğŸ¦”;hedgehog
139;129429;ğŸ¦•;sauropod
140;129430;ğŸ¦–;t-rex
141;129431;ğŸ¦—;cricket
142;129432;ğŸ¦˜;kangaroo
143;129433;ğŸ¦™;llama
144;129434;ğŸ¦š;peacock
145;129435;ğŸ¦›;hippopotamus
146;129436;ğŸ¦œ;parrot
147;129437;ğŸ¦;raccoon
148;129438;ğŸ¦;lobster
149;129439;ğŸ¦Ÿ;mosquito
150;129440;ğŸ¦ ;microbe
151;129441;ğŸ¦¡;badger
152;129442;ğŸ¦¢;swan
153;129528;ğŸ§¸;teddy bear
158;129460;ğŸ¦´;bone
159;129461;ğŸ¦µ;leg
160;129462;ğŸ¦¶;foot
161;129463;ğŸ¦·;tooth
162;129464;ğŸ¦¸;superhero
163;129465;ğŸ¦¹;supervillain
164;129472;ğŸ§€;cheese wedge
165;129473;ğŸ§;cupcake
166;129474;ğŸ§‚;salt shaker
167;129488;ğŸ§;face monocle
168;129489;ğŸ§‘;adult
169;129490;ğŸ§’;child
170;129491;ğŸ§“;older adult
171;129492;ğŸ§”;bearded person
172;129493;ğŸ§•;person headscarf
173;129494;ğŸ§–;person steamy room
174;129495;ğŸ§—;person climbing
175;129496;ğŸ§˜;person lotus position
176;129497;ğŸ§™;mage
177;129498;ğŸ§š;fairy
178;129499;ğŸ§›;vampire
179;129500;ğŸ§œ;merperson
180;129501;ğŸ§;elf
181;129502;ğŸ§;genie
182;129503;ğŸ§Ÿ;zombie
183;129504;ğŸ§ ;brain
185;129506;ğŸ§¢;billed cap
186;129507;ğŸ§£;scarf
187;129508;ğŸ§¤;gloves
188;129509;ğŸ§¥;coat
195;129516;ğŸ§¬;dna double helix
197;129517;ğŸ§­;compass
199;129518;ğŸ§®;abacus
200;129519;ğŸ§¯;fire extinguisher
202;129521;ğŸ§±;brick
203;129522;ğŸ§²;magnet
204;129523;ğŸ§³;luggage
205;129524;ğŸ§´;lotion bottle
215;129527;ğŸ§·;safety pin
217;129529;ğŸ§¹;broom
218;129530;ğŸ§º;basket
219;129531;ğŸ§»;roll paper
220;129532;ğŸ§¼;bar soap
221;129533;ğŸ§½;sponge
222;129534;ğŸ§¾;receipt
237;127745;ğŸŒ;foggy
238;127746;ğŸŒ‚;closed umbrella
239;127747;ğŸŒƒ;night stars
240;127748;ğŸŒ„;sunrise mountains
241;127749;ğŸŒ…;sunrise
242;127750;ğŸŒ†;cityscape dusk
243;127751;ğŸŒ‡;sunset buildings
244;127752;ğŸŒˆ;rainbow
245;127753;ğŸŒ‰;bridge night
246;127754;ğŸŒŠ;water wave
247;127755;ğŸŒ‹;volcano
248;127756;ğŸŒŒ;milky way
249;127757;ğŸŒ;earth globe europe-africa
250;127758;ğŸŒ;earth globe americas
251;127759;ğŸŒ;earth globe asia-australia
261;127769;ğŸŒ™;crescent moon
262;127770;ğŸŒš;new moon face
263;127771;ğŸŒ›;first quarter moon face
264;127772;ğŸŒœ;last quarter moon face
265;127773;ğŸŒ;full moon face
266;127774;ğŸŒ;sun face
267;127775;ğŸŒŸ;glowing star
268;8986;âŒš;watch
269;8987;âŒ›;hourglass
273;127789;ğŸŒ­;hot dog
274;127790;ğŸŒ®;taco
275;127791;ğŸŒ¯;burrito
276;127792;ğŸŒ°;chestnut
277;127793;ğŸŒ±;seedling
278;127794;ğŸŒ²;evergreen tree
279;127795;ğŸŒ³;deciduous tree
280;127796;ğŸŒ´;palm tree
281;127797;ğŸŒµ;cactus
282;127799;ğŸŒ·;tulip
283;127800;ğŸŒ¸;cherry blossom
284;127801;ğŸŒ¹;rose
285;127802;ğŸŒº;hibiscus
286;127803;ğŸŒ»;sunflower
287;127804;ğŸŒ¼;blossom
288;127805;ğŸŒ½;ear maize
289;127806;ğŸŒ¾;ear rice
290;127807;ğŸŒ¿;herb
291;127808;ğŸ€;four leaf clover
292;127809;ğŸ;maple leaf
293;127810;ğŸ‚;fallen leaf
294;127811;ğŸƒ;leaf fluttering wind
295;127812;ğŸ„;mushroom
296;127813;ğŸ…;tomato
297;127814;ğŸ†;aubergine
298;127815;ğŸ‡;grapes
299;127816;ğŸˆ;melon
300;127817;ğŸ‰;watermelon
301;127818;ğŸŠ;tangerine
302;127819;ğŸ‹;lemon
303;127820;ğŸŒ;banana
304;127821;ğŸ;pineapple
305;127822;ğŸ;red apple
306;127823;ğŸ;green apple
307;11088;â­;white medium star
308;127824;ğŸ;pear
309;127825;ğŸ‘;peach
310;127826;ğŸ’;cherries
311;127827;ğŸ“;strawberry
313;127828;ğŸ”;hamburger
314;127829;ğŸ•;slice pizza
315;127830;ğŸ–;meat bone
316;127831;ğŸ—;poultry leg
317;127832;ğŸ˜;rice cracker
318;127833;ğŸ™;rice ball
319;127834;ğŸš;cooked rice
320;127835;ğŸ›;curry rice
321;127836;ğŸœ;steaming bowl
322;127837;ğŸ;spaghetti
323;127838;ğŸ;bread
324;127839;ğŸŸ;french fries
325;127840;ğŸ ;roasted sweet potato
326;127841;ğŸ¡;dango
327;127842;ğŸ¢;oden
328;127843;ğŸ£;sushi
329;127844;ğŸ¤;fried shrimp
330;127845;ğŸ¥;fish cake swirl design
331;127846;ğŸ¦;soft ice cream
332;127847;ğŸ§;shaved ice
333;127848;ğŸ¨;ice cream
334;127849;ğŸ©;doughnut
335;127850;ğŸª;cookie
336;127851;ğŸ«;chocolate bar
337;127854;ğŸ®;custard
338;127852;ğŸ¬;candy
339;127853;ğŸ­;lollipop
340;127855;ğŸ¯;honey pot
341;127856;ğŸ°;shortcake
342;127859;ğŸ³;cooking
343;127857;ğŸ±;bento box
344;127858;ğŸ²;pot food
345;127860;ğŸ´;fork knife
346;127861;ğŸµ;teacup without handle
347;127864;ğŸ¸;cocktail glass
348;127862;ğŸ¶;sake bottle cup
349;127863;ğŸ·;wine glass
350;127865;ğŸ¹;tropical drink
351;127866;ğŸº;beer mug
352;127867;ğŸ»;clinking beer mugs
353;127868;ğŸ¼;baby bottle
354;127870;ğŸ¾;bottle popping cork
355;127871;ğŸ¿;popcorn
356;127872;ğŸ€;ribbon
357;127873;ğŸ;wrapped present
358;127874;ğŸ‚;birthday cake
359;127875;ğŸƒ;jack-o-lantern
360;127877;ğŸ…;father christmas
361;127876;ğŸ„;christmas tree
362;127878;ğŸ†;fireworks
363;127880;ğŸˆ;balloon
364;127881;ğŸ‰;party popper
365;127882;ğŸŠ;confetti ball
366;127883;ğŸ‹;tanabata tree
367;127884;ğŸŒ;crossed flags
368;127885;ğŸ;pine decoration
369;127879;ğŸ‡;firework sparkler
370;127887;ğŸ;carp streamer
371;127888;ğŸ;wind chime
372;127886;ğŸ;japanese dolls
373;127889;ğŸ‘;moon viewing ceremony
374;127890;ğŸ’;school satchel
375;127891;ğŸ“;graduation cap
376;127904;ğŸ ;carousel horse
377;127905;ğŸ¡;ferris wheel
378;127906;ğŸ¢;roller coaster
379;127907;ğŸ£;fishing pole fish
380;127908;ğŸ¤;microphone
381;127909;ğŸ¥;movie camera
383;127911;ğŸ§;headphone
384;127912;ğŸ¨;artist palette
385;127913;ğŸ©;top hat
386;127914;ğŸª;circus tent
387;127915;ğŸ«;ticket
388;127916;ğŸ¬;clapper board
389;127917;ğŸ­;performing arts
390;127918;ğŸ®;video game
391;127919;ğŸ¯;direct hit
392;127920;ğŸ°;slot machine
393;127921;ğŸ±;billiards
394;127922;ğŸ²;game die
395;127923;ğŸ³;bowling
396;127924;ğŸ´;flower playing cards
397;127925;ğŸµ;musical note
398;127926;ğŸ¶;multiple musical notes
399;127927;ğŸ·;saxophone
400;127928;ğŸ¸;guitar
401;127929;ğŸ¹;musical keyboard
402;127930;ğŸº;trumpet
403;127931;ğŸ»;violin
404;127932;ğŸ¼;musical score
405;127933;ğŸ½;running shirt sash
406;127934;ğŸ¾;tennis racquet ball
407;127935;ğŸ¿;ski ski boot
408;127936;ğŸ€;basketball hoop
409;127937;ğŸ;chequered flag
410;127938;ğŸ‚;snowboarder
411;127939;ğŸƒ;runner
412;127940;ğŸ„;surfer
413;127941;ğŸ…;sports medal
414;127942;ğŸ†;trophy
415;127943;ğŸ‡;horse racing
416;127944;ğŸˆ;american football
417;127945;ğŸ‰;rugby football
418;127946;ğŸŠ;swimmer
419;127951;ğŸ;cricket bat ball
420;127952;ğŸ;volleyball
421;127953;ğŸ‘;field hockey stick ball
422;127954;ğŸ’;ice hockey stick puck
423;127955;ğŸ“;table tennis paddle ball
424;127968;ğŸ ;house building
425;127969;ğŸ¡;house garden
426;127970;ğŸ¢;office building
427;127971;ğŸ£;japanese post office
428;127972;ğŸ¤;european post office
429;127973;ğŸ¥;hospital
430;127974;ğŸ¦;bank
431;127975;ğŸ§;automated teller machine
432;127976;ğŸ¨;hotel
433;127977;ğŸ©;love hotel
434;127978;ğŸª;convenience store
435;127979;ğŸ«;school
436;127980;ğŸ¬;department store
437;127981;ğŸ­;factory
439;127983;ğŸ¯;japanese castle
440;127984;ğŸ°;european castle
446;9200;â°;alarm clock
447;9203;â³;hourglass flowing sand
448;127992;ğŸ¸;badminton racquet shuttlecock
449;127993;ğŸ¹;bow arrow
450;127994;ğŸº;amphora
451;128000;ğŸ€;rat
452;128001;ğŸ;mouse
453;128002;ğŸ‚;ox
454;128003;ğŸƒ;water buffalo
455;128004;ğŸ„;cow
456;128005;ğŸ…;tiger
457;128006;ğŸ†;leopard
458;128007;ğŸ‡;rabbit
459;128008;ğŸˆ;cat
460;128009;ğŸ‰;dragon
461;128010;ğŸŠ;crocodile
462;128011;ğŸ‹;whale
463;128012;ğŸŒ;snail
464;128013;ğŸ;snake
465;128014;ğŸ;horse
466;128015;ğŸ;ram
467;128016;ğŸ;goat
468;128017;ğŸ‘;sheep
469;128018;ğŸ’;monkey
470;128019;ğŸ“;rooster
471;128020;ğŸ”;chicken
472;128021;ğŸ•;dog
473;128022;ğŸ–;pig
474;128023;ğŸ—;boar
475;128024;ğŸ˜;elephant
476;128025;ğŸ™;octopus
477;128026;ğŸš;spiral shell
478;128027;ğŸ›;bug
479;128028;ğŸœ;ant
480;128029;ğŸ;honeybee
481;128030;ğŸ;lady beetle
482;128031;ğŸŸ;fish
483;128032;ğŸ ;tropical fish
484;128033;ğŸ¡;blowfish
485;128034;ğŸ¢;turtle
486;128035;ğŸ£;hatching chick
487;128036;ğŸ¤;baby chick
488;128037;ğŸ¥;front-facing baby chick
489;128038;ğŸ¦;bird
490;128039;ğŸ§;penguin
491;128040;ğŸ¨;koala
492;128041;ğŸ©;poodle
493;128042;ğŸª;dromedary camel
494;128043;ğŸ«;bactrian camel
495;128044;ğŸ¬;dolphin
496;128045;ğŸ­;mouse face
497;128046;ğŸ®;cow face
498;128047;ğŸ¯;tiger face
499;128048;ğŸ°;rabbit face
500;128049;ğŸ±;cat face
501;128050;ğŸ²;dragon face
502;128051;ğŸ³;spouting whale
503;128052;ğŸ´;horse face
504;128053;ğŸµ;monkey face
505;128054;ğŸ¶;dog face
506;128055;ğŸ·;pig face
507;128056;ğŸ¸;frog face
508;128057;ğŸ¹;hamster face
509;128058;ğŸº;wolf face
510;128059;ğŸ»;bear face
511;128060;ğŸ¼;panda face
512;128061;ğŸ½;pig nose
513;128062;ğŸ¾;paw prints
514;128064;ğŸ‘€;eyes
515;128066;ğŸ‘‚;ear
516;128067;ğŸ‘ƒ;nose
517;128068;ğŸ‘„;mouth
518;128069;ğŸ‘…;tongue
519;128070;ğŸ‘†;white pointing backhand index
520;128071;ğŸ‘‡;white pointing backhand index
521;128072;ğŸ‘ˆ;white left pointing backhand index
522;128073;ğŸ‘‰;white right pointing backhand index
523;128074;ğŸ‘Š;fisted hand sign
524;128075;ğŸ‘‹;waving hand sign
525;128076;ğŸ‘Œ;ok hand sign
526;128077;ğŸ‘;thumbs sign
527;128078;ğŸ‘;thumbs sign
528;128079;ğŸ‘;clapping hands sign
529;128080;ğŸ‘;open hands sign
530;128081;ğŸ‘‘;crown
531;128082;ğŸ‘’;womans hat
532;128083;ğŸ‘“;eyeglasses
533;128084;ğŸ‘”;necktie
534;128085;ğŸ‘•;t-shirt
535;128086;ğŸ‘–;jeans
536;128087;ğŸ‘—;dress
537;128088;ğŸ‘˜;kimono
538;128089;ğŸ‘™;bikini
539;128090;ğŸ‘š;womans clothes
540;128091;ğŸ‘›;purse
541;128092;ğŸ‘œ;handbag
542;128093;ğŸ‘;pouch
543;128094;ğŸ‘;mans shoe
544;128095;ğŸ‘Ÿ;athletic shoe
545;128096;ğŸ‘ ;high-heeled shoe
546;128097;ğŸ‘¡;womans sandal
547;128098;ğŸ‘¢;womans boots
548;128099;ğŸ‘£;footprints
551;128102;ğŸ‘¦;boy
552;128103;ğŸ‘§;girl
553;128104;ğŸ‘¨;man
554;128105;ğŸ‘©;woman
555;128106;ğŸ‘ª;family
556;128107;ğŸ‘«;man woman holding hands
557;128108;ğŸ‘¬;two men holding hands
558;128109;ğŸ‘­;two women holding hands
559;128110;ğŸ‘®;police officer
560;128111;ğŸ‘¯;woman bunny ears
561;128112;ğŸ‘°;bride veil
562;128113;ğŸ‘±;person blond hair
563;128114;ğŸ‘²;man gua pi mao
564;128115;ğŸ‘³;man turban
565;128116;ğŸ‘´;older man
566;128117;ğŸ‘µ;older woman
567;128118;ğŸ‘¶;baby
568;128119;ğŸ‘·;construction worker
569;128120;ğŸ‘¸;princess
570;128121;ğŸ‘¹;japanese ogre
571;128122;ğŸ‘º;japanese goblin
572;128123;ğŸ‘»;ghost
573;128124;ğŸ‘¼;baby angel
574;128125;ğŸ‘½;extraterrestrial alien
575;128126;ğŸ‘¾;alien monster
576;128127;ğŸ‘¿;imp
577;128128;ğŸ’€;skull
578;128129;ğŸ’;information desk person
579;128130;ğŸ’‚;guardsman
580;128131;ğŸ’ƒ;dancer
581;128132;ğŸ’„;lipstick
582;128133;ğŸ’…;nail polish
583;128134;ğŸ’†;face massage
584;128135;ğŸ’‡;haircut
585;128136;ğŸ’ˆ;barber pole
586;128137;ğŸ’‰;syringe
587;128138;ğŸ’Š;pill
588;128139;ğŸ’‹;kiss mark
589;128140;ğŸ’Œ;love letter
590;128141;ğŸ’;ring
591;128142;ğŸ’;gem stone
592;128143;ğŸ’;kiss
593;128144;ğŸ’;bouquet
594;128145;ğŸ’‘;couple heart
595;128146;ğŸ’’;wedding
596;128147;ğŸ’“;beating heart
597;128148;ğŸ’”;broken heart
598;128149;ğŸ’•;two hearts
599;128150;ğŸ’–;sparkling heart
600;128151;ğŸ’—;growing heart
601;128152;ğŸ’˜;heart arrow
606;128157;ğŸ’;heart ribbon
607;128158;ğŸ’;revolving hearts
608;128159;ğŸ’Ÿ;heart decoration
610;128161;ğŸ’¡;electric light bulb
611;128162;ğŸ’¢;anger symbol
612;128163;ğŸ’£;bomb
613;128164;ğŸ’¤;sleeping symbol
614;128165;ğŸ’¥;collision symbol
615;128166;ğŸ’¦;splashing sweat symbol
616;128167;ğŸ’§;droplet
617;128168;ğŸ’¨;dash symbol
618;128169;ğŸ’©;pile poo
619;128170;ğŸ’ª;flexed biceps
621;128172;ğŸ’¬;speech balloon
622;128173;ğŸ’­;thought balloon
625;128176;ğŸ’°;money bag
626;128177;ğŸ’±;currency exchange
627;128178;ğŸ’²;heavy dollar sign
628;128179;ğŸ’³;credit card
629;128180;ğŸ’´;banknote yen sign
630;128181;ğŸ’µ;banknote dollar sign
631;128182;ğŸ’¶;banknote euro sign
632;128183;ğŸ’·;banknote pound sign
633;128184;ğŸ’¸;money wings
634;128185;ğŸ’¹;chart upwards trend yen sign
635;128186;ğŸ’º;seat
636;128187;ğŸ’»;personal computer
637;128188;ğŸ’¼;briefcase
638;128189;ğŸ’½;minidisc
639;128190;ğŸ’¾;floppy disk
640;128191;ğŸ’¿;optical disc
641;128192;ğŸ“€;dvd
642;128193;ğŸ“;file folder
643;128194;ğŸ“‚;open file folder
646;128197;ğŸ“…;calendar
648;128199;ğŸ“‡;card index
649;128200;ğŸ“ˆ;chart upwards trend
650;128201;ğŸ“‰;chart downwards trend
651;128202;ğŸ“Š;bar chart
652;128203;ğŸ“‹;clipboard
653;128204;ğŸ“Œ;pushpin
654;128205;ğŸ“;round pushpin
655;128206;ğŸ“;paperclip
656;128207;ğŸ“;straight ruler
657;128208;ğŸ“;triangular ruler
658;128209;ğŸ“‘;bookmark tabs
659;128210;ğŸ“’;ledger
660;128211;ğŸ““;notebook
661;128212;ğŸ“”;notebook decorative cover
662;128213;ğŸ“•;closed book
663;128214;ğŸ“–;open book
667;128218;ğŸ“š;books
669;128220;ğŸ“œ;scroll
670;128221;ğŸ“;memo
671;128222;ğŸ“;telephone receiver
672;128223;ğŸ“Ÿ;pager
673;128224;ğŸ“ ;fax machine
674;128225;ğŸ“¡;satellite antenna
675;128226;ğŸ“¢;public address loudspeaker
676;128227;ğŸ“£;cheering megaphone
677;128228;ğŸ“¤;outbox tray
678;128229;ğŸ“¥;inbox tray
679;128230;ğŸ“¦;package
680;128231;ğŸ“§;e-mail symbol
681;128232;ğŸ“¨;incoming envelope
682;128233;ğŸ“©;envelope downwards arrow
683;128234;ğŸ“ª;closed mailbox lowered flag
687;128238;ğŸ“®;postbox
688;128239;ğŸ“¯;postal horn
689;128240;ğŸ“°;newspaper
690;128241;ğŸ“±;mobile phone
691;128242;ğŸ“²;mobile phone rightwards arrow left
692;128243;ğŸ“³;vibration mode
693;128244;ğŸ“´;mobile phone
694;128245;ğŸ“µ;mobile phones
696;128247;ğŸ“·;camera
697;128248;ğŸ“¸;camera flash
698;128249;ğŸ“¹;video camera
699;128250;ğŸ“º;television
700;128251;ğŸ“»;radio
701;128252;ğŸ“¼;videocassette
708;128261;ğŸ”…;low brightness symbol
709;128262;ğŸ”†;high brightness symbol
711;128264;ğŸ”ˆ;speaker
715;128268;ğŸ”Œ;electric plug
716;128269;ğŸ”;left-pointing magnifying glass
717;128270;ğŸ”;right-pointing magnifying glass
718;128271;ğŸ”;lock ink pen
719;128272;ğŸ”;closed lock key
720;128273;ğŸ”‘;key
721;128274;ğŸ”’;lock
722;128275;ğŸ”“;open lock
723;128276;ğŸ””;bell
724;128277;ğŸ”•;bell cancellation stroke
725;128278;ğŸ”–;bookmark
726;128279;ğŸ”—;link symbol
733;128286;ğŸ”;one eighteen symbol
740;128293;ğŸ”¥;fire
741;128294;ğŸ”¦;electric torch
742;128295;ğŸ”§;wrench
743;128296;ğŸ”¨;hammer
744;128297;ğŸ”©;nut bolt
745;128298;ğŸ”ª;hocho
746;128299;ğŸ”«;pistol
747;128300;ğŸ”¬;microscope
748;128301;ğŸ”­;telescope
749;128302;ğŸ”®;crystal ball
752;128305;ğŸ”±;trident emblem
765;128331;ğŸ•‹;kaaba
766;128332;ğŸ•Œ;mosque
767;128333;ğŸ•;synagogue
768;128334;ğŸ•;menorah nine branches
793;128378;ğŸ•º;man dancing
794;128405;ğŸ–•;reversed hand middle finger extended
795;128406;ğŸ––;raised hand part middle ring fingers
796;128420;ğŸ–¤;black heart
797;128507;ğŸ—»;mount fuji
798;128508;ğŸ—¼;tokyo tower
801;128509;ğŸ—½;statue liberty
803;128511;ğŸ—¿;moyai
804;128512;ğŸ˜€;grinning face
805;128513;ğŸ˜;grinning face smiling eyes
806;128514;ğŸ˜‚;face tears joy
807;128515;ğŸ˜ƒ;smiling face open mouth
808;128516;ğŸ˜„;smiling face open mouth smiling eyes
809;128517;ğŸ˜…;smiling face open mouth cold sweat
810;128518;ğŸ˜†;smiling face open mouth tightly-closed eyes
811;128519;ğŸ˜‡;smiling face halo
812;128520;ğŸ˜ˆ;smiling face horns
813;128521;ğŸ˜‰;winking face
814;128522;ğŸ˜Š;smiling face smiling eyes
815;128523;ğŸ˜‹;face savouring delicious food
816;128524;ğŸ˜Œ;relieved face
817;128525;ğŸ˜;smiling face heart-shaped eyes
818;128526;ğŸ˜;smiling face sunglasses
819;128527;ğŸ˜;smirking face
820;128528;ğŸ˜;neutral face
821;128529;ğŸ˜‘;expressionless face
822;9748;â˜”;umbrella rain drops
823;9749;â˜•;hot beverage
824;128530;ğŸ˜’;unamused face
825;128531;ğŸ˜“;face cold sweat
826;128532;ğŸ˜”;pensive face
827;128533;ğŸ˜•;confused face
828;128534;ğŸ˜–;confounded face
829;128535;ğŸ˜—;kissing face
830;128536;ğŸ˜˜;face throwing kiss
831;128537;ğŸ˜™;kissing face smiling eyes
832;128538;ğŸ˜š;kissing face closed eyes
833;128539;ğŸ˜›;face stuck-out tongue
834;128540;ğŸ˜œ;face stuck-out tongue winking eye
835;128541;ğŸ˜;face stuck-out tongue tightly-closed eyes
836;128542;ğŸ˜;disappointed face
837;128543;ğŸ˜Ÿ;worried face
838;128544;ğŸ˜ ;angry face
839;128545;ğŸ˜¡;pouting face
840;128546;ğŸ˜¢;crying face
841;128547;ğŸ˜£;persevering face
842;128548;ğŸ˜¤;face look triumph
843;128549;ğŸ˜¥;disappointed relieved face
844;128550;ğŸ˜¦;frowning face open mouth
845;128551;ğŸ˜§;anguished face
846;128552;ğŸ˜¨;fearful face
847;128553;ğŸ˜©;weary face
848;128554;ğŸ˜ª;sleepy face
849;128555;ğŸ˜«;tired face
850;128556;ğŸ˜¬;grimacing face
851;128557;ğŸ˜­;loudly crying face
852;128558;ğŸ˜®;face open mouth
853;128559;ğŸ˜¯;hushed face
854;128560;ğŸ˜°;face open mouth cold sweat
855;128561;ğŸ˜±;face screaming fear
856;128562;ğŸ˜²;astonished face
857;128563;ğŸ˜³;flushed face
858;128564;ğŸ˜´;sleeping face
859;128565;ğŸ˜µ;dizzy face
860;128566;ğŸ˜¶;face without mouth
861;128567;ğŸ˜·;face medical mask
862;128568;ğŸ˜¸;grinning cat face smiling eyes
863;128569;ğŸ˜¹;cat face tears joy
864;128570;ğŸ˜º;smiling cat face open mouth
865;128571;ğŸ˜»;smiling cat face heart-shaped eyes
866;128572;ğŸ˜¼;cat face wry smile
867;128573;ğŸ˜½;kissing cat face closed eyes
868;128574;ğŸ˜¾;pouting cat face
869;128575;ğŸ˜¿;crying cat face
870;128576;ğŸ™€;weary cat face
871;128577;ğŸ™;slightly frowning face
872;128578;ğŸ™‚;slightly smiling face
873;128579;ğŸ™ƒ;upside-down face
886;128587;ğŸ™‹;happy person raising one hand
887;128588;ğŸ™Œ;person raising hands celebration
888;128589;ğŸ™;person frowning
889;128590;ğŸ™;person pouting face
890;128591;ğŸ™;person folded hands
891;9855;â™¿;wheelchair symbol
892;128640;ğŸš€;rocket
893;128641;ğŸš;helicopter
894;128642;ğŸš‚;steam locomotive
895;128643;ğŸšƒ;railway car
896;128644;ğŸš„;high-speed train
897;128645;ğŸš…;high-speed train bullet nose
898;128646;ğŸš†;train
899;128647;ğŸš‡;metro
900;128648;ğŸšˆ;light rail
901;128649;ğŸš‰;station
902;128650;ğŸšŠ;tram
903;128651;ğŸš‹;tram car
904;128652;ğŸšŒ;bus
905;128653;ğŸš;oncoming bus
906;128654;ğŸš;trolleybus
907;128655;ğŸš;bus stop
908;128656;ğŸš;minibus
909;128657;ğŸš‘;ambulance
910;128658;ğŸš’;fire engine
911;9875;âš“;anchor
912;128659;ğŸš“;police car
913;128660;ğŸš”;oncoming police car
914;128661;ğŸš•;taxi
915;128662;ğŸš–;oncoming taxi
916;128663;ğŸš—;automobile
917;128664;ğŸš˜;oncoming automobile
918;128665;ğŸš™;recreational vehicle
919;128666;ğŸšš;delivery truck
920;128667;ğŸš›;articulated lorry
921;128668;ğŸšœ;tractor
922;128669;ğŸš;monorail
923;128670;ğŸš;mountain railway
924;128671;ğŸšŸ;suspension railway
925;9889;âš¡;high voltage sign
926;128672;ğŸš ;mountain cableway
927;128673;ğŸš¡;aerial tramway
928;128674;ğŸš¢;ship
929;128675;ğŸš£;rowboat
930;128676;ğŸš¤;speedboat
931;128677;ğŸš¥;horizontal traffic light
932;128678;ğŸš¦;vertical traffic light
933;128679;ğŸš§;construction sign
936;128680;ğŸš¨;police cars revolving light
937;128681;ğŸš©;triangular flag post
938;128682;ğŸšª;door
939;128683;ğŸš«;entry sign
940;128684;ğŸš¬;smoking symbol
941;128685;ğŸš­;smoking symbol
942;128686;ğŸš®;put litter place symbol
943;128687;ğŸš¯;litter symbol
944;128688;ğŸš°;potable water symbol
945;128689;ğŸš±;non-potable water symbol
946;128690;ğŸš²;bicycle
947;128691;ğŸš³;bicycles
948;128692;ğŸš´;bicyclist
949;128693;ğŸšµ;mountain bicyclist
950;128694;ğŸš¶;pedestrian
951;128695;ğŸš·;pedestrians
952;128696;ğŸš¸;children crossing
953;9917;âš½;soccer ball
954;9918;âš¾;baseball
957;128699;ğŸš»;restroom
958;128700;ğŸš¼;baby symbol
959;128701;ğŸš½;toilet
960;9924;â›„;snowman without snow
961;9925;â›…;sun behind cloud
962;128702;ğŸš¾;water closet
963;128703;ğŸš¿;shower
964;128704;ğŸ›€;bath
965;128705;ğŸ›;bathtub
966;128706;ğŸ›‚;passport control
967;128707;ğŸ›ƒ;customs
968;128708;ğŸ›„;baggage claim
969;128709;ğŸ›…;left luggage
971;128716;ğŸ›Œ;sleeping accommodation
974;128722;ğŸ›’;shopping trolley
975;9940;â›”;entry
977;9962;â›ª;church
978;128747;ğŸ›«;airplane departure
979;128748;ğŸ›¬;airplane arriving
981;9970;â›²;fountain
982;9971;â›³;flag hole
983;128756;ğŸ›´;scooter
984;9973;â›µ;sailboat
985;128757;ğŸ›µ;motor scooter
986;128758;ğŸ›¶;canoe
987;128759;ğŸ›·;sled
988;128760;ğŸ›¸;flying saucer
989;9978;â›º;tent
990;128761;ğŸ›¹;skateboard
991;9981;â›½;fuel pump
993;129510;ğŸ§¦;socks
994;128580;ğŸ™„;face rolling eyes
996;9994;âœŠ;raised fist
997;9995;âœ‹;raised hand
998;128581;ğŸ™…;face good gesture
999;128582;ğŸ™†;face ok gesture
1000;128583;ğŸ™‡;person bowing deeply
1001;128584;ğŸ™ˆ;see-no-evil monkey
1002;129511;ğŸ§§;red gift envelope
1003;128585;ğŸ™‰;hear-no-evil monkey
1005;128586;ğŸ™Š;speak-no-evil monkey
1006;10024;âœ¨;sparkles
1007;129512;ğŸ§¨;firecracker
1009;10060;âŒ;cross mark
1013;10067;â“;black question mark ornament
1014;10068;â”;white question mark ornament
1016;10071;â—;heavy exclamation mark symbol
1017;129514;ğŸ§ª;test tube
1018;129515;ğŸ§«;petri dish
1022;129424;ğŸ¦;shrimp
1023;129425;ğŸ¦‘;squid
1026;129520;ğŸ§°;TOOLBOX