,code,character,description,description_de
0,126980,🀄,MAHJONG TILE RED DRAGON,MAHJONG FLIESE ROT DRACHE
1,129525,🧵,SPOOL OF THREAD,Spool Gewinde
2,129526,🧶,BALL OF YARN,BALL OF YARN
3,127183,🃏,PLAYING CARD BLACK JOKER,SPIELKARTE BLACK JOKER
4,129296,🤐,ZIPPER-MOUTH FACE,ZIPPER-MUND Gesicht
5,129297,🤑,MONEY-MOUTH FACE,GELD-MUND-GESICHT
6,129298,🤒,FACE WITH THERMOMETER,GESICHT MIT THERMOMETER
7,129299,🤓,NERD FACE,NERD Gesicht
8,129300,🤔,THINKING FACE,Denken Gesicht
9,129301,🤕,FACE WITH HEAD-BANDAGE,GESICHT MIT HEAD-BANDAGE
10,129302,🤖,ROBOT FACE,ROBOTER-GESICHT
11,129303,🤗,HUGGING FACE,Umarmen Gesicht
12,129304,🤘,SIGN OF THE HORNS,Zeichen der Hörner
13,129305,🤙,CALL ME HAND,Ruf mich an
14,129306,🤚,RAISED BACK OF HAND,RÜCKSEITE DER HAND
15,129307,🤛,LEFT-FACING FIST,LINKS-FACING FIST
16,129308,🤜,RIGHT-FACING FIST,RECHTS-FACING FIST
17,129309,🤝,HANDSHAKE,Handshake
18,129310,🤞,HAND WITH INDEX AND MIDDLE FINGERS CROSSED,HAND MIT INDEX UND MITTLEREN FINGERN GEKREUZT
19,129311,🤟,I LOVE YOU HAND SIGN,Ich liebe dich Handzeichen
20,129312,🤠,FACE WITH COWBOY HAT,GESICHT MIT COWBOY-HUT
21,129313,🤡,CLOWN FACE,CLOWN-GESICHT
22,129314,🤢,NAUSEATED FACE,Ungeätztes Gesicht
23,129315,🤣,ROLLING ON THE FLOOR LAUGHING,ROLLEN AUF DEM BODEN LACHEN
24,129316,🤤,DROOLING FACE,Gesicht abtastend
25,129317,🤥,LYING FACE,Liegendes Gesicht
26,129318,🤦,FACE PALM,GESICHT PALME
27,129319,🤧,SNEEZING FACE,SNEZING-GESICHT
28,129320,🤨,FACE WITH ONE EYEBROW RAISED,GESICHT MIT EINEM AUGENBRAUEN ERHÖHT
29,129321,🤩,GRINNING FACE WITH STAR EYES,Gesicht mit Sternenaugen
30,129322,🤪,GRINNING FACE WITH ONE LARGE AND ONE SMALL EYE,Gesicht mit einem großen und einem kleinen Auge
31,129323,🤫,FACE WITH FINGER COVERING CLOSED LIPS,GESICHT MIT FINGER-ABDECKUNG GESCHLOSSENE LIPPEN
32,129324,🤬,SERIOUS FACE WITH SYMBOLS COVERING MOUTH,"SCHWERES GESICHT MIT SYMBOLEN, DIE DEN MUND BEHANDELN"
33,129325,🤭,SMILING FACE WITH SMILING EYES AND HAND COVERING MOUTH,LÄCHELNDES GESICHT MIT LÄCHELNDEN AUGEN UND HANDSCHUTZMUND
34,129326,🤮,FACE WITH OPEN MOUTH VOMITING,Gesicht mit offenem Mund erbrechen
35,129327,🤯,SHOCKED FACE WITH EXPLODING HEAD,GESAGTES GESICHT MIT EXPLODIERENDEM KOPF
36,129328,🤰,PREGNANT WOMAN,SCHWANGERE FRAU
37,129329,🤱,BREAST-FEEDING,STILLEN
38,129330,🤲,PALMS UP TOGETHER,PALMEN GEMEINSAM
39,129331,🤳,SELFIE,SELFIE
40,129332,🤴,PRINCE,PRINZ
41,129333,🤵,MAN IN TUXEDO,MANN IN TUXEDO
42,129334,🤶,MOTHER CHRISTMAS,MUTTER WEIHNACHTEN
43,129335,🤷,SHRUG,ZUCKEN
44,129336,🤸,PERSON DOING CARTWHEEL,"PERSON, DIE CARTWHEEL TUN"
45,129337,🤹,JUGGLING,JONGLIEREN
46,129338,🤺,FENCER,FECHTER
47,127470,🇮,REGIONAL INDICATOR SYMBOL LETTER I,REGIONALER INDIKATOR SYMBOL LETTER I
48,129340,🤼,WRESTLERS,Wrestler
49,129341,🤽,WATER POLO,WASSER POLO
50,129342,🤾,HANDBALL,HANDBALL
51,129344,🥀,WILTED FLOWER,WILTED BLUME
52,129345,🥁,DRUM WITH DRUMSTICKS,TROMMEL MIT DRUMSTICKS
53,129346,🥂,CLINKING GLASSES,KLINKGLÄSER
54,129347,🥃,TUMBLER GLASS,TUMBLER GLAS
55,129348,🥄,SPOON,LÖFFEL
56,129349,🥅,GOAL NET,GOAL NET
57,127472,🇰,REGIONAL INDICATOR SYMBOL LETTER K,REGIONALER INDIKATOR SYMBOL BRIEF K
58,129351,🥇,FIRST PLACE MEDAL,ERSTE PLATZMEDAILLE
59,129352,🥈,SECOND PLACE MEDAL,ZWEITE PLATZMEDAILLE
60,129353,🥉,THIRD PLACE MEDAL,DRITTES PLATZ MEDAILLE
61,129354,🥊,BOXING GLOVE,BOXHANDSCHUH
62,129355,🥋,MARTIAL ARTS UNIFORM,KAMPFKUNST UNIFORM
63,129356,🥌,CURLING STONE,CURLINGSTEIN
64,129357,🥍,LACROSSE STICK AND BALL,LACROSE-STOCK UND BALL
65,129358,🥎,SOFTBALL,WEICHER BALL
66,129359,🥏,FLYING DISC,FLIEGENDE SCHEIBE
67,129360,🥐,CROISSANT,CROISSANT
68,129361,🥑,AVOCADO,AVOCADO
69,129362,🥒,CUCUMBER,GURKE
70,129363,🥓,BACON,SPECK
71,129364,🥔,POTATO,KARTOFFEL
72,129365,🥕,CARROT,KAROTTE
73,129366,🥖,BAGUETTE BREAD,BAGUETTE BROT
74,129367,🥗,GREEN SALAD,GRÜNER SALAT
75,129368,🥘,SHALLOW PAN OF FOOD,Schlanke Küche
76,129369,🥙,STUFFED FLATBREAD,GEFÜLLTE FLATBREAD
77,129370,🥚,EGG,EI
78,129371,🥛,GLASS OF MILK,EIN GLAS MILCH
79,129372,🥜,PEANUTS,ERDNÜSSE
80,129373,🥝,KIWIFRUIT,KIWI
81,129374,🥞,PANCAKES,PFANNKUCHEN
82,129375,🥟,DUMPLING,KNÖDEL
83,129376,🥠,FORTUNE COOKIE,GLÜCKSKEKS
84,129377,🥡,TAKEOUT BOX,MITNAHMEBOX
85,129378,🥢,CHOPSTICKS,ESSSTÄBCHEN
86,129379,🥣,BOWL WITH SPOON,Schüssel mit Löffel
87,129380,🥤,CUP WITH STRAW,CUP mit Stroh
88,129381,🥥,COCONUT,KOKOSNUSS
89,129382,🥦,BROCCOLI,BROKKOLI
90,129383,🥧,PIE,KUCHEN
91,129384,🥨,PRETZEL,BREZEL
92,129385,🥩,CUT OF MEAT,SCHNITT DES FLEISCHES
93,129386,🥪,SANDWICH,SANDWICH
94,129387,🥫,CANNED FOOD,DOSEN ESSEN
95,129388,🥬,LEAFY GREEN,BLATTGRÜN
96,129389,🥭,MANGO,MANGO
97,129390,🥮,MOON CAKE,MONDKUCHEN
98,129391,🥯,BAGEL,BAGEL
99,129392,🥰,SMILING FACE WITH SMILING EYES AND THREE HEARTS,LÄCHELNDES GESICHT MIT LÄCHELNDEN AUGEN UND DREI HERZEN
100,129395,🥳,FACE WITH PARTY HORN AND PARTY HAT,GESICHT MIT PARTY HORN UND PARTY HUT
101,129396,🥴,FACE WITH UNEVEN EYES AND WAVY MOUTH,GESICHT MIT UNENNEN AUGEN UND WELLIGEM MUND
102,129397,🥵,OVERHEATED FACE,ÜBERHITZTES GESICHT
103,129398,🥶,FREEZING FACE,Gesicht gefrieren
104,129402,🥺,FACE WITH PLEADING EYES,GESICHT MIT TREFFENDEN AUGEN
105,129404,🥼,LAB COAT,LAB-MANTEL
106,129405,🥽,GOGGLES,BRILLE
107,129406,🥾,HIKING BOOT,WANDERSTIEFEL
108,129407,🥿,FLAT SHOE,FLACHER SCHUH
109,129408,🦀,CRAB,KRABBE
110,129409,🦁,LION FACE,LION Gesicht
111,129410,🦂,SCORPION,SKORPION
112,129411,🦃,TURKEY,TRUTHAHN
113,129412,🦄,UNICORN FACE,Einhorn Gesicht
114,129413,🦅,EAGLE,ADLER
115,129414,🦆,DUCK,ENTE
116,129415,🦇,BAT,FLEDERMAUS
117,129416,🦈,SHARK,HAI
118,129417,🦉,OWL,EULE
119,129418,🦊,FOX FACE,FOX Gesicht
120,129419,🦋,BUTTERFLY,SCHMETTERLING
121,129420,🦌,DEER,HIRSCH
122,129421,🦍,GORILLA,GORILLA
123,127374,🆎,NEGATIVE SQUARED AB,NEGATIV SQUARED AB
124,129422,🦎,LIZARD,EIDECHSE
125,129423,🦏,RHINOCEROS,NASHORN
126,127377,🆑,SQUARED CL,SQUARED CL
127,127378,🆒,SQUARED COOL,QUADRATISCH GEKÜHLT
128,127379,🆓,SQUARED FREE,QUADRIERT KOSTENLOS
129,127380,🆔,SQUARED ID,SQUARED ID
130,127381,🆕,SQUARED NEW,QUADRIERT NEU
131,127382,🆖,SQUARED NG,SQUARED NG
132,127383,🆗,SQUARED OK,SQUARED OK
133,127384,🆘,SQUARED SOS,SQUARED SOS
134,127385,🆙,SQUARED UP WITH EXCLAMATION MARK,MIT EXKLAMATION MARKIERT
135,127386,🆚,SQUARED VS,SQUARED VS
136,129426,🦒,GIRAFFE FACE,GIRAFFE-GESICHT
137,129427,🦓,ZEBRA FACE,ZEBRA-GESICHT
138,129428,🦔,HEDGEHOG,IGEL
139,129429,🦕,SAUROPOD,SAUROPOD
140,129430,🦖,T-REX,T-REX
141,129431,🦗,CRICKET,KRICKET
142,129432,🦘,KANGAROO,KÄNGURU
143,129433,🦙,LLAMA,LAMA
144,129434,🦚,PEACOCK,PFAU
145,129435,🦛,HIPPOPOTAMUS,NILPFERD
146,129436,🦜,PARROT,PAPAGEI
147,129437,🦝,RACCOON,WASCHBÄR
148,129438,🦞,LOBSTER,HUMMER
149,129439,🦟,MOSQUITO,MOSKITO
150,129440,🦠,MICROBE,MIKROBE
151,129441,🦡,BADGER,DACHS
152,129442,🦢,SWAN,SCHWAN
153,129528,🧸,TEDDY BEAR,TEDDYBÄR
154,129456,🦰,EMOJI COMPONENT RED HAIR,EMOJI COMPONENT ROTES HAAR
155,129457,🦱,EMOJI COMPONENT CURLY HAIR,EMOJI COMPONENT LOCKIGES HAAR
156,129458,🦲,EMOJI COMPONENT BALD,EMOJI-KOMPONENTEN-BALD
157,129459,🦳,EMOJI COMPONENT WHITE HAIR,EMOJI KOMPONENTEN WEIßES HAAR
158,129460,🦴,BONE,KNOCHEN
159,129461,🦵,LEG,BEIN
160,129462,🦶,FOOT,FUSS
161,129463,🦷,TOOTH,ZAHN
162,129464,🦸,SUPERHERO,SUPERHELD
163,129465,🦹,SUPERVILLAIN,SUPERVILLAIN
164,129472,🧀,CHEESE WEDGE,KÄSE KEIL
165,129473,🧁,CUPCAKE,CUPCAKE
166,129474,🧂,SALT SHAKER,SALZSTREUER
167,129488,🧐,FACE WITH MONOCLE,GESICHT MIT MONOCLE
168,129489,🧑,ADULT,ERWACHSENE
169,129490,🧒,CHILD,KIND
170,129491,🧓,OLDER ADULT,ÄLTERER ADULT
171,129492,🧔,BEARDED PERSON,BÄRTE PERSON
172,129493,🧕,PERSON WITH HEADSCARF,PERSON MIT KOPFTUCH
173,129494,🧖,PERSON IN STEAMY ROOM,PERSON IN STEAMY ZIMMER
174,129495,🧗,PERSON CLIMBING,PERSON KLETTERN
175,129496,🧘,PERSON IN LOTUS POSITION,PERSON IN LOTOSPOSITION
176,129497,🧙,MAGE,MAGE
177,129498,🧚,FAIRY,FEE
178,129499,🧛,VAMPIRE,VAMPIR
179,129500,🧜,MERPERSON,MERPERSON
180,129501,🧝,ELF,ELF
181,129502,🧞,GENIE,GENIE
182,129503,🧟,ZOMBIE,ZOMBIE
183,129504,🧠,BRAIN,GEHIRN
184,129505,🧡,ORANGE HEART,ORANGE HERZ
185,129506,🧢,BILLED CAP,BILLIERTE KAPPE
186,129507,🧣,SCARF,SCHAL
187,129508,🧤,GLOVES,Handschuhe
188,129509,🧥,COAT,MANTEL
189,127462,🇦,REGIONAL INDICATOR SYMBOL LETTER A,REGIONALER INDIKATOR SYMBOLBRIEF A
190,127463,🇧,REGIONAL INDICATOR SYMBOL LETTER B,REGIONAL INDIKATOR SYMBOL BRIEF B
191,127464,🇨,REGIONAL INDICATOR SYMBOL LETTER C,REGIONALER INDIKATOR SYMBOL LETTER C
192,127465,🇩,REGIONAL INDICATOR SYMBOL LETTER D,REGIONALER INDIKATOR SYMBOL LETTER D
193,127466,🇪,REGIONAL INDICATOR SYMBOL LETTER E,REGIONALER INDIKATOR SYMBOLBRIEF E
194,127467,🇫,REGIONAL INDICATOR SYMBOL LETTER F,REGIONALANZEIGER SYMBOLBRIEF F
195,129516,🧬,DNA DOUBLE HELIX,DNA Doppelhelix
196,127469,🇭,REGIONAL INDICATOR SYMBOL LETTER H,REGIONALER INDIKATOR SYMBOL LETTER H
197,129517,🧭,COMPASS,KOMPASS
198,127471,🇯,REGIONAL INDICATOR SYMBOL LETTER J,REGIONALES INDIKATORSYMBOL LETTER J
199,129518,🧮,ABACUS,ABAKUS
200,129519,🧯,FIRE EXTINGUISHER,FEUERLÖSCHER
201,127468,🇬,REGIONAL INDICATOR SYMBOL LETTER G,REGIONAL INDIKATOR SYMBOL BRIEF G
202,129521,🧱,BRICK,BACKSTEIN
203,129522,🧲,MAGNET,MAGNET
204,129523,🧳,LUGGAGE,GEPÄCK
205,129524,🧴,LOTION BOTTLE,LOTION FLASCHE
206,127479,🇷,REGIONAL INDICATOR SYMBOL LETTER R,REGIONALES INDIKATORSYMBOL LETTER R
207,127480,🇸,REGIONAL INDICATOR SYMBOL LETTER S,REGIONALER INDIKATOR SYMBOL LETTER S
208,127481,🇹,REGIONAL INDICATOR SYMBOL LETTER T,REGIONALANZEIGER SYMBOLBRIEF T
209,127482,🇺,REGIONAL INDICATOR SYMBOL LETTER U,REGIONALER INDIKATOR SYMBOLBRIEF U
210,127483,🇻,REGIONAL INDICATOR SYMBOL LETTER V,REGIONALER INDIKATOR SYMBOLBRIEF V
211,127484,🇼,REGIONAL INDICATOR SYMBOL LETTER W,REGIONAL INDIKATOR SYMBOL BRIEF W
212,127485,🇽,REGIONAL INDICATOR SYMBOL LETTER X,REGIONALER INDIKATOR SYMBOL LETTER X
213,127486,🇾,REGIONAL INDICATOR SYMBOL LETTER Y,REGIONALES INDIKATORSYMBOL LETTER Y
214,127487,🇿,REGIONAL INDICATOR SYMBOL LETTER Z,REGIONALES INDIKATORSYMBOL LETTER Z
215,129527,🧷,SAFETY PIN,SICHERHEITSNADEL
216,127489,🈁,SQUARED KATAKANA KOKO,SQUARED KATAKANA KOKO
217,129529,🧹,BROOM,BESEN
218,129530,🧺,BASKET,KORB
219,129531,🧻,ROLL OF PAPER,PAPIERROLLE
220,129532,🧼,BAR OF SOAP,SEIFENSTÜCK
221,129533,🧽,SPONGE,SCHWAMM
222,129534,🧾,RECEIPT,QUITTUNG
223,129535,🧿,NAZAR AMULET,NAZAR AMULETT
224,127514,🈚,SQUARED CJK UNIFIED IDEOGRAPH-7121,SQUARED CJK UNIFIED IDEOGRAPH-7121
225,127535,🈯,SQUARED CJK UNIFIED IDEOGRAPH-6307,SQUARED CJK UNIFIED IDEOGRAPH-6307
226,127538,🈲,SQUARED CJK UNIFIED IDEOGRAPH-7981,SQUARED CJK UNIFIED IDEOGRAPH-7981
227,127539,🈳,SQUARED CJK UNIFIED IDEOGRAPH-7A7A,SQUARED CJK UNIFIED IDEOGRAPH-7A7A
228,127540,🈴,SQUARED CJK UNIFIED IDEOGRAPH-5408,SQUARED CJK UNIFIED IDEOGRAPH-5408
229,127541,🈵,SQUARED CJK UNIFIED IDEOGRAPH-6E80,SQUARED CJK UNIFIED IDEOGRAPH-6E80
230,127542,🈶,SQUARED CJK UNIFIED IDEOGRAPH-6709,SQUARED CJK UNIFIED IDEOGRAPH-6709
231,127544,🈸,SQUARED CJK UNIFIED IDEOGRAPH-7533,SQUARED CJK UNIFIED IDEOGRAPH-7533
232,127545,🈹,SQUARED CJK UNIFIED IDEOGRAPH-5272,SQUARED CJK UNIFIED IDEOGRAPH-5272
233,127546,🈺,SQUARED CJK UNIFIED IDEOGRAPH-55B6,SQUARED CJK UNIFIED IDEOGRAPH-55B6
234,127568,🉐,CIRCLED IDEOGRAPH ADVANTAGE,CIRCLED IDEOGRAPH VORTEIL
235,127569,🉑,CIRCLED IDEOGRAPH ACCEPT,CIRCLED IDEOGRAPH AKZEPTIEREN
236,127744,🌀,CYCLONE,ZYKLON
237,127745,🌁,FOGGY,NEBELIG
238,127746,🌂,CLOSED UMBRELLA,GESCHLOSSENER UMBRELLA
239,127747,🌃,NIGHT WITH STARS,Nacht mit Sternen
240,127748,🌄,SUNRISE OVER MOUNTAINS,SUNRISE OVER MOUNTAINS
241,127749,🌅,SUNRISE,SONNENAUFGANG
242,127750,🌆,CITYSCAPE AT DUSK,Cityscape bei der Dusk
243,127751,🌇,SUNSET OVER BUILDINGS,SONNENUNTERGANG ÜBER GEBÄUDEN
244,127752,🌈,RAINBOW,REGENBOGEN
245,127753,🌉,BRIDGE AT NIGHT,Brücke bei Nacht
246,127754,🌊,WATER WAVE,WASSERWELLE
247,127755,🌋,VOLCANO,VULKAN
248,127756,🌌,MILKY WAY,MILCHSTRASSE
249,127757,🌍,EARTH GLOBE EUROPE-AFRICA,EARTH GLOBE EUROPA-AFRIKA
250,127758,🌎,EARTH GLOBE AMERICAS,EARTH GLOBE AMERIKA
251,127759,🌏,EARTH GLOBE ASIA-AUSTRALIA,Erde Globus Asien-Australien
252,127760,🌐,GLOBE WITH MERIDIANS,GLOBUS MIT MERIDIERN
253,127761,🌑,NEW MOON SYMBOL,NEUES MONDSYMBOL
254,127762,🌒,WAXING CRESCENT MOON SYMBOL,WACHSENDE CRESCENT MOON SYMBOL
255,127763,🌓,FIRST QUARTER MOON SYMBOL,ERSTES QUARTIER MONDSYMBOL
256,127764,🌔,WAXING GIBBOUS MOON SYMBOL,WACHSEN GIBBOUS MOON SYMBOL
257,127765,🌕,FULL MOON SYMBOL,FULL MOON SYMBOL
258,127766,🌖,WANING GIBBOUS MOON SYMBOL,WANDERENDES GIBBOUS-MONDSYMBOL
259,127767,🌗,LAST QUARTER MOON SYMBOL,LETZTES QUARTIER MONDSYMBOL
260,127768,🌘,WANING CRESCENT MOON SYMBOL,WANDERNDE CRESCENT MOON SYMBOL
261,127769,🌙,CRESCENT MOON,HALBMOND
262,127770,🌚,NEW MOON WITH FACE,NEUER MOND MIT GESICHT
263,127771,🌛,FIRST QUARTER MOON WITH FACE,ERSTER QUARTIER MOND MIT GESICHT
264,127772,🌜,LAST QUARTER MOON WITH FACE,LETZTES QUARTIER MOND MIT GESICHT
265,127773,🌝,FULL MOON WITH FACE,Vollmond mit Gesicht
266,127774,🌞,SUN WITH FACE,Sonne mit Gesicht
267,127775,🌟,GLOWING STAR,GLÜHENDER STERN
268,8986,⌚,WATCH,UHR
269,8987,⌛,HOURGLASS,SANDUHR
270,11035,⬛,BLACK LARGE SQUARE,SCHWARZER GROßER PLATZ
271,11036,⬜,WHITE LARGE SQUARE,Weißer großer Platz
272,127776,🌠,SHOOTING STAR,STERNSCHNUPPE
273,127789,🌭,HOT DOG,HOTDOG
274,127790,🌮,TACO,TACO
275,127791,🌯,BURRITO,BURRITO
276,127792,🌰,CHESTNUT,KASTANIE
277,127793,🌱,SEEDLING,SÄMLING
278,127794,🌲,EVERGREEN TREE,IMMERGRÜNER BAUM
279,127795,🌳,DECIDUOUS TREE,DECIDUOUS BAUM
280,127796,🌴,PALM TREE,PALME
281,127797,🌵,CACTUS,KAKTUS
282,127799,🌷,TULIP,TULPE
283,127800,🌸,CHERRY BLOSSOM,KIRSCHBLÜTE
284,127801,🌹,ROSE,ROSE
285,127802,🌺,HIBISCUS,HIBISKUS
286,127803,🌻,SUNFLOWER,SONNENBLUME
287,127804,🌼,BLOSSOM,BLÜHEN
288,127805,🌽,EAR OF MAIZE,OHR DER MAIS
289,127806,🌾,EAR OF RICE,OHR VON REIS
290,127807,🌿,HERB,KRAUT
291,127808,🍀,FOUR LEAF CLOVER,VIERBLÄTTRIGES KLEEBLATT
292,127809,🍁,MAPLE LEAF,AHORNBLATT
293,127810,🍂,FALLEN LEAF,GEFALLENES BLATT
294,127811,🍃,LEAF FLUTTERING IN WIND,BLATTFLUTTERING IN WIND
295,127812,🍄,MUSHROOM,PILZ
296,127813,🍅,TOMATO,TOMATE
297,127814,🍆,AUBERGINE,AUBERGINE
298,127815,🍇,GRAPES,TRAUBEN
299,127816,🍈,MELON,MELONE
300,127817,🍉,WATERMELON,WASSERMELONE
301,127818,🍊,TANGERINE,MANDARINE
302,127819,🍋,LEMON,ZITRONE
303,127820,🍌,BANANA,BANANE
304,127821,🍍,PINEAPPLE,ANANAS
305,127822,🍎,RED APPLE,ROTER APFEL
306,127823,🍏,GREEN APPLE,GRÜNER APFEL
307,11088,⭐,WHITE MEDIUM STAR,WEISSER MITTELSTERN
308,127824,🍐,PEAR,BIRNE
309,127825,🍑,PEACH,PFIRSICH
310,127826,🍒,CHERRIES,Kirschen
311,127827,🍓,STRAWBERRY,ERDBEERE
312,11093,⭕,HEAVY LARGE CIRCLE,SCHWERER GROSSKREIS
313,127828,🍔,HAMBURGER,HAMBURGER
314,127829,🍕,SLICE OF PIZZA,STÜCK PIZZA
315,127830,🍖,MEAT ON BONE,FLEISCH AUF KNOCHEN
316,127831,🍗,POULTRY LEG,GEFLÜGEL-BEIN
317,127832,🍘,RICE CRACKER,REIS-CRACKER
318,127833,🍙,RICE BALL,REISBÄLLCHEN
319,127834,🍚,COOKED RICE,GEKOCHTER REIS
320,127835,🍛,CURRY AND RICE,CURRY UND REIS
321,127836,🍜,STEAMING BOWL,DAMPFSCHALE
322,127837,🍝,SPAGHETTI,SPAGHETTI
323,127838,🍞,BREAD,BROT
324,127839,🍟,FRENCH FRIES,POMMES FRITTES
325,127840,🍠,ROASTED SWEET POTATO,GERÖSTETE SÜßE KARTOFFEL
326,127841,🍡,DANGO,DANGO
327,127842,🍢,ODEN,ODEN
328,127843,🍣,SUSHI,SUSHI
329,127844,🍤,FRIED SHRIMP,GEBRATENE GARNELEN
330,127845,🍥,FISH CAKE WITH SWIRL DESIGN,Fischkuchen mit SWIRL DESIGN
331,127846,🍦,SOFT ICE CREAM,SOFT EISCREME
332,127847,🍧,SHAVED ICE,GERASPELTES EIS
333,127848,🍨,ICE CREAM,EIS
334,127849,🍩,DOUGHNUT,KRAPFEN
335,127850,🍪,COOKIE,PLÄTZCHEN
336,127851,🍫,CHOCOLATE BAR,SCHOKOLADENTAFEL
337,127854,🍮,CUSTARD,CUSTARD
338,127852,🍬,CANDY,SÜSSIGKEITEN
339,127853,🍭,LOLLIPOP,LUTSCHER
340,127855,🍯,HONEY POT,HONIGTOPF
341,127856,🍰,SHORTCAKE,Kurzporträt
342,127859,🍳,COOKING,KOCHEN
343,127857,🍱,BENTO BOX,Bento-Box
344,127858,🍲,POT OF FOOD,POT OF LEBENSMITTEL
345,127860,🍴,FORK AND KNIFE,GABEL UND MESSER
346,127861,🍵,TEACUP WITHOUT HANDLE,TEACUP OHNE GRIFF
347,127864,🍸,COCKTAIL GLASS,COCKTAIL GLAS
348,127862,🍶,SAKE BOTTLE AND CUP,SAKE FLASCHE UND TASSE
349,127863,🍷,WINE GLASS,WEINGLAS
350,127865,🍹,TROPICAL DRINK,TROPISCHES GETRÄNK
351,127866,🍺,BEER MUG,BIERKRUG
352,127867,🍻,CLINKING BEER MUGS,KLINKENDE BIER-BECHER
353,127868,🍼,BABY BOTTLE,BABYFLASCHE
354,127870,🍾,BOTTLE WITH POPPING CORK,FLASCHE MIT POPPING KORK
355,127871,🍿,POPCORN,POPCORN
356,127872,🎀,RIBBON,BAND
357,127873,🎁,WRAPPED PRESENT,Wrapped Geschenk
358,127874,🎂,BIRTHDAY CAKE,GEBURTSTAGSKUCHEN
359,127875,🎃,JACK-O-LANTERN,JACK-O-LATERNE
360,127877,🎅,FATHER CHRISTMAS,WEIHNACHTSMANN
361,127876,🎄,CHRISTMAS TREE,WEIHNACHTSBAUM
362,127878,🎆,FIREWORKS,FEUERWERK
363,127880,🎈,BALLOON,BALLON
364,127881,🎉,PARTY POPPER,PARTY POPPER
365,127882,🎊,CONFETTI BALL,CONFETTIBALL
366,127883,🎋,TANABATA TREE,TANABATA BAUM
367,127884,🎌,CROSSED FLAGS,Gekreuzte Flaggen
368,127885,🎍,PINE DECORATION,PINK DEKORATION
369,127879,🎇,FIREWORK SPARKLER,FEUERWERK SPARKLER
370,127887,🎏,CARP STREAMER,CARP STREAMER
371,127888,🎐,WIND CHIME,WINDSPIEL
372,127886,🎎,JAPANESE DOLLS,JAPANISCHE PUPPEN
373,127889,🎑,MOON VIEWING CEREMONY,MOON-SICHT-ZEREMONIE
374,127890,🎒,SCHOOL SATCHEL,SCHULSCHLÖSSER
375,127891,🎓,GRADUATION CAP,GRADUIERUNGSKAP
376,127904,🎠,CAROUSEL HORSE,KARUSSELL-PFERD
377,127905,🎡,FERRIS WHEEL,RIESENRAD
378,127906,🎢,ROLLER COASTER,ACHTERBAHN
379,127907,🎣,FISHING POLE AND FISH,Angel und Fisch
380,127908,🎤,MICROPHONE,MIKROFON
381,127909,🎥,MOVIE CAMERA,FILMKAMERA
382,127910,🎦,CINEMA,KINO
383,127911,🎧,HEADPHONE,KOPFHÖRER
384,127912,🎨,ARTIST PALETTE,Künstlerpalette
385,127913,🎩,TOP HAT,TOP HUT
386,127914,🎪,CIRCUS TENT,ZIRKUSZELT
387,127915,🎫,TICKET,FAHRKARTE
388,127916,🎬,CLAPPER BOARD,CLAPPER BOARD
389,127917,🎭,PERFORMING ARTS,DARSTELLENDE KÜNSTE
390,127918,🎮,VIDEO GAME,VIDEOSPIEL
391,127919,🎯,DIRECT HIT,DIREKTER TREFFER
392,127920,🎰,SLOT MACHINE,EINARMIGER BANDIT
393,127921,🎱,BILLIARDS,BILLARD
394,127922,🎲,GAME DIE,SPIEL STERBEN
395,127923,🎳,BOWLING,BOWLING
396,127924,🎴,FLOWER PLAYING CARDS,BLUMEN-SPIELKARTEN
397,127925,🎵,MUSICAL NOTE,MUSIK NOTE
398,127926,🎶,MULTIPLE MUSICAL NOTES,Mehrere musikalische Notizen
399,127927,🎷,SAXOPHONE,SAXOPHON
400,127928,🎸,GUITAR,GITARRE
401,127929,🎹,MUSICAL KEYBOARD,MUSICAL KEYBOARD
402,127930,🎺,TRUMPET,TROMPETE
403,127931,🎻,VIOLIN,GEIGE
404,127932,🎼,MUSICAL SCORE,PARTITUR
405,127933,🎽,RUNNING SHIRT WITH SASH,LAUFENDES HEMD MIT SCHÄRPE
406,127934,🎾,TENNIS RACQUET AND BALL,TENNIS-RACQUET UND BALL
407,127935,🎿,SKI AND SKI BOOT,SKI UND SKI BOOT
408,127936,🏀,BASKETBALL AND HOOP,BASKETBALL UND HOOP
409,127937,🏁,CHEQUERED FLAG,CHECKERED FLAGGE
410,127938,🏂,SNOWBOARDER,SNOWBOARDER
411,127939,🏃,RUNNER,LÄUFER
412,127940,🏄,SURFER,SURFER
413,127941,🏅,SPORTS MEDAL,Sport-Medaille
414,127942,🏆,TROPHY,TROPHÄE
415,127943,🏇,HORSE RACING,PFERDERENNEN
416,127944,🏈,AMERICAN FOOTBALL,AMERIKANISCHER FUSSBALL
417,127945,🏉,RUGBY FOOTBALL,RUGBY FUSSBALL
418,127946,🏊,SWIMMER,SCHWIMMER
419,127951,🏏,CRICKET BAT AND BALL,CRICKET BAT UND BALL
420,127952,🏐,VOLLEYBALL,VOLLEYBALL
421,127953,🏑,FIELD HOCKEY STICK AND BALL,FELD-HOCKEY-STOCK UND BALL
422,127954,🏒,ICE HOCKEY STICK AND PUCK,EISHOCKEY STICK UND PUCK
423,127955,🏓,TABLE TENNIS PADDLE AND BALL,TISCHTENNIS-PADDEL UND BALL
424,127968,🏠,HOUSE BUILDING,HAUSBAU
425,127969,🏡,HOUSE WITH GARDEN,HAUS MIT GARTEN
426,127970,🏢,OFFICE BUILDING,BÜROGEBÄUDE
427,127971,🏣,JAPANESE POST OFFICE,JAPANISCHE POST
428,127972,🏤,EUROPEAN POST OFFICE,EUROPÄISCHES POSTAMT
429,127973,🏥,HOSPITAL,KRANKENHAUS
430,127974,🏦,BANK,BANK
431,127975,🏧,AUTOMATED TELLER MACHINE,GELDAUTOMAT
432,127976,🏨,HOTEL,HOTEL
433,127977,🏩,LOVE HOTEL,LIEBESHOTEL
434,127978,🏪,CONVENIENCE STORE,GEMISCHTWARENLADEN
435,127979,🏫,SCHOOL,SCHULE
436,127980,🏬,DEPARTMENT STORE,KAUFHAUS
437,127981,🏭,FACTORY,FABRIK
438,127982,🏮,IZAKAYA LANTERN,IZAKAYA LATERNE
439,127983,🏯,JAPANESE CASTLE,JAPANISCHES SCHLOSS
440,127984,🏰,EUROPEAN CASTLE,EUROPÄISCHES SCHLOSS
441,9193,⏩,BLACK RIGHT-POINTING DOUBLE TRIANGLE,SCHWARZES RECHTSPUNKTDOPPELDREIECK
442,9194,⏪,BLACK LEFT-POINTING DOUBLE TRIANGLE,BLACK LINKS POINTING DOPPELDREIECK
443,9195,⏫,BLACK UP-POINTING DOUBLE TRIANGLE,BLACK UP-POINTING DOPPELDREIECK
444,127988,🏴,WAVING BLACK FLAG,WAVING BLACK FLAGGE
445,9196,⏬,BLACK DOWN-POINTING DOUBLE TRIANGLE,BLACK DOWN-POINTING DOPPELDREIECK
446,9200,⏰,ALARM CLOCK,WECKER
447,9203,⏳,HOURGLASS WITH FLOWING SAND,HOURGLASS MIT FLUSS SAND
448,127992,🏸,BADMINTON RACQUET AND SHUTTLECOCK,BADMINTON RACQUET UND SHUTTLECOCK
449,127993,🏹,BOW AND ARROW,PFEIL UND BOGEN
450,127994,🏺,AMPHORA,AMPHORA
451,128000,🐀,RAT,RATTE
452,128001,🐁,MOUSE,MAUS
453,128002,🐂,OX,OCHSE
454,128003,🐃,WATER BUFFALO,WASSERBÜFFEL
455,128004,🐄,COW,KUH
456,128005,🐅,TIGER,TIGER
457,128006,🐆,LEOPARD,LEOPARD
458,128007,🐇,RABBIT,HASE
459,128008,🐈,CAT,KATZE
460,128009,🐉,DRAGON,DRACHEN
461,128010,🐊,CROCODILE,KROKODIL
462,128011,🐋,WHALE,WAL
463,128012,🐌,SNAIL,SCHNECKE
464,128013,🐍,SNAKE,SCHLANGE
465,128014,🐎,HORSE,PFERD
466,128015,🐏,RAM,RAM
467,128016,🐐,GOAT,ZIEGE
468,128017,🐑,SHEEP,SCHAF
469,128018,🐒,MONKEY,AFFE
470,128019,🐓,ROOSTER,HAHN
471,128020,🐔,CHICKEN,HÄHNCHEN
472,128021,🐕,DOG,HUND
473,128022,🐖,PIG,SCHWEIN
474,128023,🐗,BOAR,EBER
475,128024,🐘,ELEPHANT,ELEFANT
476,128025,🐙,OCTOPUS,TINTENFISCH
477,128026,🐚,SPIRAL SHELL,SPIRALE SHELL
478,128027,🐛,BUG,FEHLER
479,128028,🐜,ANT,AMEISE
480,128029,🐝,HONEYBEE,HONIGBIENE
481,128030,🐞,LADY BEETLE,MARIENKÄFER
482,128031,🐟,FISH,FISCH
483,128032,🐠,TROPICAL FISH,TROPISCHER FISCH
484,128033,🐡,BLOWFISH,KUGELFISCH
485,128034,🐢,TURTLE,SCHILDKRÖTE
486,128035,🐣,HATCHING CHICK,CHICKEN
487,128036,🐤,BABY CHICK,KÜKEN
488,128037,🐥,FRONT-FACING BABY CHICK,FRONT-FACING BABY CHICK
489,128038,🐦,BIRD,VOGEL
490,128039,🐧,PENGUIN,PINGUIN
491,128040,🐨,KOALA,KOALA
492,128041,🐩,POODLE,PUDEL
493,128042,🐪,DROMEDARY CAMEL,DROMEDARISCHES KAMEL
494,128043,🐫,BACTRIAN CAMEL,BACTRIAN KAMEL
495,128044,🐬,DOLPHIN,DELPHIN
496,128045,🐭,MOUSE FACE,Maus Gesicht
497,128046,🐮,COW FACE,Kuh Gesicht
498,128047,🐯,TIGER FACE,TIGER GESICHT
499,128048,🐰,RABBIT FACE,Kaninchen Gesicht
500,128049,🐱,CAT FACE,KATZENGESICHT
501,128050,🐲,DRAGON FACE,DRACHEN-GESICHT
502,128051,🐳,SPOUTING WHALE,WALD AUSGEBEN
503,128052,🐴,HORSE FACE,PFERDEGESICHT
504,128053,🐵,MONKEY FACE,AFFENGESICHT
505,128054,🐶,DOG FACE,Hund Gesicht
506,128055,🐷,PIG FACE,SCHWEINEGESICHT
507,128056,🐸,FROG FACE,FROSCH-GESICHT
508,128057,🐹,HAMSTER FACE,HAMSTER-GESICHT
509,128058,🐺,WOLF FACE,Wolfsgesicht
510,128059,🐻,BEAR FACE,BÄREN-GESICHT
511,128060,🐼,PANDA FACE,PANDA-GESICHT
512,128061,🐽,PIG NOSE,SCHWEINENASE
513,128062,🐾,PAW PRINTS,PFOTENABDRÜCKE
514,128064,👀,EYES,AUGEN
515,128066,👂,EAR,OHR
516,128067,👃,NOSE,NASE
517,128068,👄,MOUTH,MUND
518,128069,👅,TONGUE,ZUNGE
519,128070,👆,WHITE UP POINTING BACKHAND INDEX,"WHITE UP, das BACKHAND-INDEX ZEIGT"
520,128071,👇,WHITE DOWN POINTING BACKHAND INDEX,WHITE DOWN ZEIGEN BACKHAND INDEX
521,128072,👈,WHITE LEFT POINTING BACKHAND INDEX,WEISSER LINKS-BACKHAND-INDEX
522,128073,👉,WHITE RIGHT POINTING BACKHAND INDEX,WHITE RIGHT PUNKT BACKHAND INDEX
523,128074,👊,FISTED HAND SIGN,FISTED Handzeichen
524,128075,👋,WAVING HAND SIGN,WAVING HANDSCHILD
525,128076,👌,OK HAND SIGN,OK HANDSCHILD
526,128077,👍,THUMBS UP SIGN,Daumen hoch Zeichen
527,128078,👎,THUMBS DOWN SIGN,Daumen runter Zeichen
528,128079,👏,CLAPPING HANDS SIGN,CLAPPING HANDS ZEICHEN
529,128080,👐,OPEN HANDS SIGN,OPEN HANDS ZEICHEN
530,128081,👑,CROWN,KRONE
531,128082,👒,WOMANS HAT,FRAUEN HUT
532,128083,👓,EYEGLASSES,BRILLE
533,128084,👔,NECKTIE,KRAWATTE
534,128085,👕,T-SHIRT,T-SHIRT
535,128086,👖,JEANS,JEANS
536,128087,👗,DRESS,KLEID
537,128088,👘,KIMONO,KIMONO
538,128089,👙,BIKINI,BIKINI
539,128090,👚,WOMANS CLOTHES,FRAUENKLEIDER
540,128091,👛,PURSE,GELDBÖRSE
541,128092,👜,HANDBAG,HANDTASCHE
542,128093,👝,POUCH,BEUTEL
543,128094,👞,MANS SHOE,MANNSCHUH
544,128095,👟,ATHLETIC SHOE,ATHLETISCHER SCHUH
545,128096,👠,HIGH-HEELED SHOE,HOCHHACKIGE SCHUHE
546,128097,👡,WOMANS SANDAL,Frauen Sandale
547,128098,👢,WOMANS BOOTS,Damen Stiefel
548,128099,👣,FOOTPRINTS,Fußabdrücke
549,128100,👤,BUST IN SILHOUETTE,BÜSTE IN SILHOUETTE
550,128101,👥,BUSTS IN SILHOUETTE,BÜSTE IN SILHOUETTE
551,128102,👦,BOY,JUNGE
552,128103,👧,GIRL,MÄDCHEN
553,128104,👨,MAN,MANN
554,128105,👩,WOMAN,FRAU
555,128106,👪,FAMILY,FAMILIE
556,128107,👫,MAN AND WOMAN HOLDING HANDS,"MANN UND FRAU, DIE HÄNDE HALTEN"
557,128108,👬,TWO MEN HOLDING HANDS,ZWEI MÄNNER HALTEN HÄNDE
558,128109,👭,TWO WOMEN HOLDING HANDS,"ZWEI FRAUEN, DIE HÄNDE HALTEN"
559,128110,👮,POLICE OFFICER,POLIZIST
560,128111,👯,WOMAN WITH BUNNY EARS,FRAU MIT HÄSCHEN EARS
561,128112,👰,BRIDE WITH VEIL,BRAUT MIT SCHLEIER
562,128113,👱,PERSON WITH BLOND HAIR,PERSON MIT BLONDEN HAAR
563,128114,👲,MAN WITH GUA PI MAO,MANN MIT GUA PI MAO
564,128115,👳,MAN WITH TURBAN,MANN MIT TURBAN
565,128116,👴,OLDER MAN,ÄLTERER MANN
566,128117,👵,OLDER WOMAN,ÄLTERE FRAU
567,128118,👶,BABY,BABY
568,128119,👷,CONSTRUCTION WORKER,BAUARBEITER
569,128120,👸,PRINCESS,PRINZESSIN
570,128121,👹,JAPANESE OGRE,JAPANISCHER OGRE
571,128122,👺,JAPANESE GOBLIN,JAPANISCHER GOBLIN
572,128123,👻,GHOST,GEIST
573,128124,👼,BABY ANGEL,BABY ENGEL
574,128125,👽,EXTRATERRESTRIAL ALIEN,EXTRATERRESTRISCHES ALIEN
575,128126,👾,ALIEN MONSTER,ALIEN-MONSTER
576,128127,👿,IMP,IMP
577,128128,💀,SKULL,SCHÄDEL
578,128129,💁,INFORMATION DESK PERSON,Informationsschalterperson
579,128130,💂,GUARDSMAN,GARDIST
580,128131,💃,DANCER,TÄNZER
581,128132,💄,LIPSTICK,LIPPENSTIFT
582,128133,💅,NAIL POLISH,NAGELPOLITUR
583,128134,💆,FACE MASSAGE,GESICHTSMASSAGE
584,128135,💇,HAIRCUT,HAARSCHNITT
585,128136,💈,BARBER POLE,BARBER POLE
586,128137,💉,SYRINGE,SPRITZE
587,128138,💊,PILL,PILLE
588,128139,💋,KISS MARK,KNUTSCHFLECK
589,128140,💌,LOVE LETTER,LIEBESBRIEF
590,128141,💍,RING,RING
591,128142,💎,GEM STONE,Edelstein Stein
592,128143,💏,KISS,KUSS
593,128144,💐,BOUQUET,STRAUSS
594,128145,💑,COUPLE WITH HEART,PAAR MIT HERZ
595,128146,💒,WEDDING,HOCHZEIT
596,128147,💓,BEATING HEART,SCHLAGENDES HERZ
597,128148,💔,BROKEN HEART,GEBROCHENES HERZ
598,128149,💕,TWO HEARTS,ZWEI HERZEN
599,128150,💖,SPARKLING HEART,Funkelndes Herz
600,128151,💗,GROWING HEART,WACHSENDES HERZ
601,128152,💘,HEART WITH ARROW,Herz mit Pfeil
602,128153,💙,BLUE HEART,BLAUES HERZ
603,128154,💚,GREEN HEART,GRÜNES HERZ
604,128155,💛,YELLOW HEART,GELBES HERZ
605,128156,💜,PURPLE HEART,LILA HERZ
606,128157,💝,HEART WITH RIBBON,Herz mit Band
607,128158,💞,REVOLVING HEARTS,REVOLVIEREN HERZEN
608,128159,💟,HEART DECORATION,HERZ-DEKORATION
609,128160,💠,DIAMOND SHAPE WITH A DOT INSIDE,DIAMOND FORM MIT EINEM DOT INNEN
610,128161,💡,ELECTRIC LIGHT BULB,ELEKTRISCHE GLÜHBIRNE
611,128162,💢,ANGER SYMBOL,ANGER SYMBOL
612,128163,💣,BOMB,BOMBE
613,128164,💤,SLEEPING SYMBOL,SCHLAFSYMBOL
614,128165,💥,COLLISION SYMBOL,KOLLISIONSSYMBOL
615,128166,💦,SPLASHING SWEAT SYMBOL,SPULENDE SWEAT SYMBOL
616,128167,💧,DROPLET,TRÖPFCHEN
617,128168,💨,DASH SYMBOL,DASH-SYMBOL
618,128169,💩,PILE OF POO,Pfahl von POO
619,128170,💪,FLEXED BICEPS,FLEXED BICEPS
620,128171,💫,DIZZY SYMBOL,DIZZY-SYMBOL
621,128172,💬,SPEECH BALLOON,SPEECH BALLON
622,128173,💭,THOUGHT BALLOON,GEDANKENBALLON
623,128174,💮,WHITE FLOWER,WEISSE BLUME
624,128175,💯,HUNDRED POINTS SYMBOL,HUNDERT PUNKTE SYMBOL
625,128176,💰,MONEY BAG,GELDTASCHE
626,128177,💱,CURRENCY EXCHANGE,GELDWECHSEL
627,128178,💲,HEAVY DOLLAR SIGN,SCHWERES DOLLAR-ZEICHEN
628,128179,💳,CREDIT CARD,KREDITKARTE
629,128180,💴,BANKNOTE WITH YEN SIGN,BANKNOTEN MIT YEN-ZEICHEN
630,128181,💵,BANKNOTE WITH DOLLAR SIGN,BANKNOTEN MIT DOLLAR-ZEICHEN
631,128182,💶,BANKNOTE WITH EURO SIGN,BANKNOTEN MIT EURO-ZEICHEN
632,128183,💷,BANKNOTE WITH POUND SIGN,BANKNOTEN MIT POUND SIGN
633,128184,💸,MONEY WITH WINGS,GELD MIT FLÜGELN
634,128185,💹,CHART WITH UPWARDS TREND AND YEN SIGN,CHART MIT UPWARDS TREND UND YEN-ZEICHEN
635,128186,💺,SEAT,SITZ
636,128187,💻,PERSONAL COMPUTER,PERSÖNLICHER COMPUTER
637,128188,💼,BRIEFCASE,AKTENTASCHE
638,128189,💽,MINIDISC,MINIDISC
639,128190,💾,FLOPPY DISK,DISKETTE
640,128191,💿,OPTICAL DISC,OPTISCHE SCHEIBE
641,128192,📀,DVD,DVD
642,128193,📁,FILE FOLDER,AKTENORDNER
643,128194,📂,OPEN FILE FOLDER,OPEN FILE ORDNER
644,128195,📃,PAGE WITH CURL,Seite mit Curl
645,128196,📄,PAGE FACING UP,SEITE NACH OBEN
646,128197,📅,CALENDAR,KALENDER
647,128198,📆,TEAR-OFF CALENDAR,ABNEHMBARER KALENDER
648,128199,📇,CARD INDEX,KARTEI
649,128200,📈,CHART WITH UPWARDS TREND,Diagramm mit Aufwärtstrend
650,128201,📉,CHART WITH DOWNWARDS TREND,CHART MIT DOWNWARDS TREND
651,128202,📊,BAR CHART,BALKENDIAGRAMM
652,128203,📋,CLIPBOARD,CLIPBOARD
653,128204,📌,PUSHPIN,PUSHPIN
654,128205,📍,ROUND PUSHPIN,RUNDER PUSHPIN
655,128206,📎,PAPERCLIP,BÜROKLAMMER
656,128207,📏,STRAIGHT RULER,GERADE ROLLER
657,128208,📐,TRIANGULAR RULER,TRIANGULARER RULER
658,128209,📑,BOOKMARK TABS,Lesezeichen
659,128210,📒,LEDGER,HAUPTBUCH
660,128211,📓,NOTEBOOK,NOTIZBUCH
661,128212,📔,NOTEBOOK WITH DECORATIVE COVER,NOTIZBUCH MIT DEKORATIVEN ABDECKUNGEN
662,128213,📕,CLOSED BOOK,GESCHLOSSENES BUCH
663,128214,📖,OPEN BOOK,OFFENES BUCH
664,128215,📗,GREEN BOOK,GRÜNES BUCH
665,128216,📘,BLUE BOOK,BLAUES BUCH
666,128217,📙,ORANGE BOOK,ORANGE BUCH
667,128218,📚,BOOKS,Bücher
668,128219,📛,NAME BADGE,NAMENSSCHILD
669,128220,📜,SCROLL,SCROLLEN
670,128221,📝,MEMO,MEMO
671,128222,📞,TELEPHONE RECEIVER,TELEFON-EMPFÄNGER
672,128223,📟,PAGER,PAGER
673,128224,📠,FAX MACHINE,FAXGERÄT
674,128225,📡,SATELLITE ANTENNA,SATELLITENANTENNE
675,128226,📢,PUBLIC ADDRESS LOUDSPEAKER,ÖFFENTLICHE ADRESSE LAUTSPRECHER
676,128227,📣,CHEERING MEGAPHONE,Jubel-Megaphon
677,128228,📤,OUTBOX TRAY,Ausgabefach
678,128229,📥,INBOX TRAY,Briefkasten
679,128230,📦,PACKAGE,PAKET
680,128231,📧,E-MAIL SYMBOL,E-Mail-Symbol
681,128232,📨,INCOMING ENVELOPE,INKOMMENDER UMSCHLAG
682,128233,📩,ENVELOPE WITH DOWNWARDS ARROW ABOVE,UMSCHLAG MIT DOWNWARDS PFEIL OBEN
683,128234,📪,CLOSED MAILBOX WITH LOWERED FLAG,GESCHLOSSENE MAILBOX MIT GERINGER FLAGGE
684,128235,📫,CLOSED MAILBOX WITH RAISED FLAG,GESCHLOSSENE MAILBOX MIT RAISED FLAG
685,128236,📬,OPEN MAILBOX WITH RAISED FLAG,OPEN MAILBOX MIT RAISED FLAGGE
686,128237,📭,OPEN MAILBOX WITH LOWERED FLAG,OFFENE MAILBOX MIT GERINGER FLAGGE
687,128238,📮,POSTBOX,BRIEFKASTEN
688,128239,📯,POSTAL HORN,POSTHORN
689,128240,📰,NEWSPAPER,ZEITUNG
690,128241,📱,MOBILE PHONE,MOBILTELEFON
691,128242,📲,MOBILE PHONE WITH RIGHTWARDS ARROW AT LEFT,MOBILTELEFON MIT RIGHTWARDS PFEIL AUF LINKS
692,128243,📳,VIBRATION MODE,VIBRATIONSMODUS
693,128244,📴,MOBILE PHONE OFF,MOBILTELEFON AUS
694,128245,📵,NO MOBILE PHONES,KEINE MOBILE PHONES
695,128246,📶,ANTENNA WITH BARS,ANTENNE MIT BARS
696,128247,📷,CAMERA,KAMERA
697,128248,📸,CAMERA WITH FLASH,Kamera mit Blitz
698,128249,📹,VIDEO CAMERA,VIDEOKAMERA
699,128250,📺,TELEVISION,FERNSEHEN
700,128251,📻,RADIO,RADIO
701,128252,📼,VIDEOCASSETTE,VIDEO KASSETTE
702,128255,📿,PRAYER BEADS,Gebetsketten
703,128256,🔀,TWISTED RIGHTWARDS ARROWS,TWISTED RIGHTWARDS PFEILE
704,128257,🔁,CLOCKWISE RIGHTWARDS AND LEFTWARDS OPEN CIRCLE ARROWS,"UHR RECHTS UND LINKS, OPEN CIRCLE PFEILE"
705,128258,🔂,CLOCKWISE RIGHTWARDS AND LEFTWARDS OPEN CIRCLE ARROWS WITH CIRCLED ONE OVERLAY,"UHREN RECHTS UND LINKS, OPEN CIRCLE PFEILE MIT CIRCLED ONE OVERLAY"
706,128259,🔃,CLOCKWISE DOWNWARDS AND UPWARDS OPEN CIRCLE ARROWS,IM UHRZEIGERSINN DOWNWARDS UND AUFWÄRTS CIRCLE PFEILE
707,128260,🔄,ANTICLOCKWISE DOWNWARDS AND UPWARDS OPEN CIRCLE ARROWS,ANTICLOCKEWISE DOWNWARDS und UPWARDS OPEN CIRCLE PFEILE
708,128261,🔅,LOW BRIGHTNESS SYMBOL,NIEDRIGES HELLIGKEITSSYMBOL
709,128262,🔆,HIGH BRIGHTNESS SYMBOL,HOHE HELLIGKEIT SYMBOL
710,128263,🔇,SPEAKER WITH CANCELLATION STROKE,LAUTSPRECHER MIT STORNIERUNG
711,128264,🔈,SPEAKER,REDNER
712,128265,🔉,SPEAKER WITH ONE SOUND WAVE,LAUTSPRECHER MIT EINER TONWELLE
713,128266,🔊,SPEAKER WITH THREE SOUND WAVES,LAUTSPRECHER MIT DREI SOUNDWELLEN
714,128267,🔋,BATTERY,BATTERIE
715,128268,🔌,ELECTRIC PLUG,STECKER
716,128269,🔍,LEFT-POINTING MAGNIFYING GLASS,LINKSPUNKT VERGRÖSSERNES GLAS
717,128270,🔎,RIGHT-POINTING MAGNIFYING GLASS,RECHTSPUNKT-MAGNIFYING-GLAS
718,128271,🔏,LOCK WITH INK PEN,LOCK MIT TINTENSTIFT
719,128272,🔐,CLOSED LOCK WITH KEY,GESCHLOSSENES SCHLOSS MIT SCHLÜSSEL
720,128273,🔑,KEY,SCHLÜSSEL
721,128274,🔒,LOCK,SPERREN
722,128275,🔓,OPEN LOCK,ÖFFNEN VERRIEGELN
723,128276,🔔,BELL,GLOCKE
724,128277,🔕,BELL WITH CANCELLATION STROKE,GLOCKE MIT STORNIERUNG
725,128278,🔖,BOOKMARK,LESEZEICHEN
726,128279,🔗,LINK SYMBOL,Verknüpfungssymbol
727,128280,🔘,RADIO BUTTON,RADIO KNOPF
728,128281,🔙,BACK WITH LEFTWARDS ARROW ABOVE,ZURÜCK MIT LINKS PFEIL OBEN
729,128282,🔚,END WITH LEFTWARDS ARROW ABOVE,END MIT LINKS PFEIL OBEN
730,128283,🔛,ON WITH EXCLAMATION MARK WITH LEFT RIGHT ARROW ABOVE,AUF MIT AUSRUFZEICHEN MIT LINKS RECHTS PFEIL OBEN
731,128284,🔜,SOON WITH RIGHTWARDS ARROW ABOVE,BALD MIT RECHTSWEGEN PFEIL OBEN
732,128285,🔝,TOP WITH UPWARDS ARROW ABOVE,OBEN MIT OBEN PFEIL OBEN
733,128286,🔞,NO ONE UNDER EIGHTEEN SYMBOL,NIEMAND UNTER ACHSZEHN SYMBOL
734,128287,🔟,KEYCAP TEN,KEYCAP ZEHN
735,128288,🔠,INPUT SYMBOL FOR LATIN CAPITAL LETTERS,EINGABESYMBOL FÜR LATIN CAPITAL LETTERS
736,128289,🔡,INPUT SYMBOL FOR LATIN SMALL LETTERS,EINGABESYMBOL FÜR LATIN KLEINE BUCHSTABEN
737,128290,🔢,INPUT SYMBOL FOR NUMBERS,EINGABESYMBOL FÜR NUMMERN
738,128291,🔣,INPUT SYMBOL FOR SYMBOLS,EINGABESYMBOL FÜR SYMBOLE
739,128292,🔤,INPUT SYMBOL FOR LATIN LETTERS,EINGABESYMBOL FÜR LATEIN BUCHSTABEN
740,128293,🔥,FIRE,FEUER
741,128294,🔦,ELECTRIC TORCH,Elektrische Fackel
742,128295,🔧,WRENCH,SCHLÜSSEL
743,128296,🔨,HAMMER,HAMMER
744,128297,🔩,NUT AND BOLT,SCHRAUBE UND MUTTER
745,128298,🔪,HOCHO,HOCHO
746,128299,🔫,PISTOL,PISTOLE
747,128300,🔬,MICROSCOPE,MIKROSKOP
748,128301,🔭,TELESCOPE,FERNROHR
749,128302,🔮,CRYSTAL BALL,KRISTALLKUGEL
750,128303,🔯,SIX POINTED STAR WITH MIDDLE DOT,SIX POINTED STAR MIT MITTEN DOT
751,128304,🔰,JAPANESE SYMBOL FOR BEGINNER,JAPANISCHES SYMBOL FÜR ANFÄNGER
752,128305,🔱,TRIDENT EMBLEM,TRIDENT EMBLEM
753,128306,🔲,BLACK SQUARE BUTTON,SCHWARZER QUADRATISCHER KNOPF
754,128307,🔳,WHITE SQUARE BUTTON,WEISSER QUADRATISCHER KNOPF
755,128308,🔴,LARGE RED CIRCLE,Großer roter Kreis
756,128309,🔵,LARGE BLUE CIRCLE,Großer blauer Kreis
757,128310,🔶,LARGE ORANGE DIAMOND,GROßE ORANGE DIAMANT
758,128311,🔷,LARGE BLUE DIAMOND,GROSSER BLAUER DIAMANT
759,128312,🔸,SMALL ORANGE DIAMOND,KLEINE ORANGE DIAMANT
760,128313,🔹,SMALL BLUE DIAMOND,KLEINER BLAUER DIAMANT
761,128314,🔺,UP-POINTING RED TRIANGLE,ROTES DREIECK-UP-PUNKT
762,128315,🔻,DOWN-POINTING RED TRIANGLE,RUNTER DREIECKIGES PUNKT
763,128316,🔼,UP-POINTING SMALL RED TRIANGLE,UP-POINTING kleines rotes Dreieck
764,128317,🔽,DOWN-POINTING SMALL RED TRIANGLE,Unten kleine rote Dreieck
765,128331,🕋,KAABA,KAABA
766,128332,🕌,MOSQUE,MOSCHEE
767,128333,🕍,SYNAGOGUE,SYNAGOGE
768,128334,🕎,MENORAH WITH NINE BRANCHES,MENORAH MIT NEUNZWEIGEN
769,128336,🕐,CLOCK FACE ONE OCLOCK,CLOCK FACE One OCLOCK
770,128337,🕑,CLOCK FACE TWO OCLOCK,CLOCK GESICHT ZWEI OCLOCK
771,128338,🕒,CLOCK FACE THREE OCLOCK,CLOCK FACE DREI OCLOCK
772,128339,🕓,CLOCK FACE FOUR OCLOCK,UHR FACE VIER OCLOCK
773,128340,🕔,CLOCK FACE FIVE OCLOCK,UHR FACE FIVE OCLOCK
774,128341,🕕,CLOCK FACE SIX OCLOCK,CLOCK FACE SECHS OCLOCK
775,128342,🕖,CLOCK FACE SEVEN OCLOCK,CLOCK GESICHT SIEBEN OCLOCK
776,128343,🕗,CLOCK FACE EIGHT OCLOCK,CLOCK FACE ACHT OCLOCK
777,128344,🕘,CLOCK FACE NINE OCLOCK,UHR FACE NINE OCLOCK
778,128345,🕙,CLOCK FACE TEN OCLOCK,UHR FACE TEN OCLOCK
779,128346,🕚,CLOCK FACE ELEVEN OCLOCK,UHR GESICHT ELEVEN OCLOCK
780,128347,🕛,CLOCK FACE TWELVE OCLOCK,CLOCK FACE TWELVE OCLOCK
781,128348,🕜,CLOCK FACE ONE-THIRTY,Uhr Gesicht einunddreißig
782,128349,🕝,CLOCK FACE TWO-THIRTY,Uhr Gesicht zweiunddreißig
783,128350,🕞,CLOCK FACE THREE-THIRTY,Uhrgesicht DREI-DREIßIG
784,128351,🕟,CLOCK FACE FOUR-THIRTY,Uhr Gesicht vierunddreißig
785,128352,🕠,CLOCK FACE FIVE-THIRTY,Uhr Gesicht fünfunddreißig
786,128353,🕡,CLOCK FACE SIX-THIRTY,UHR FACE SIX-THIRTY
787,128354,🕢,CLOCK FACE SEVEN-THIRTY,Uhrgesicht siebenunddreißig
788,128355,🕣,CLOCK FACE EIGHT-THIRTY,Uhr Gesicht achtunddreißig
789,128356,🕤,CLOCK FACE NINE-THIRTY,UHR FACE NINE-THIRTY
790,128357,🕥,CLOCK FACE TEN-THIRTY,UHR FACE TEN-DIRTY
791,128358,🕦,CLOCK FACE ELEVEN-THIRTY,Uhrgesicht elfunddreißig
792,128359,🕧,CLOCK FACE TWELVE-THIRTY,Uhr Gesicht dreiunddreißig
793,128378,🕺,MAN DANCING,MAN TANZEN
794,128405,🖕,REVERSED HAND WITH MIDDLE FINGER EXTENDED,UMKEHRTE HAND MIT MITTLEREN FINGER ERWEITERT
795,128406,🖖,RAISED HAND WITH PART BETWEEN MIDDLE AND RING FINGERS,RAISED HAND MIT TEIL ZWISCHEN MITTE UND RING FINGER
796,128420,🖤,BLACK HEART,SCHWARZES HERZ
797,128507,🗻,MOUNT FUJI,BERG FUJI
798,128508,🗼,TOKYO TOWER,TOKYO TURM
799,9725,◽,WHITE MEDIUM SMALL SQUARE,WEISSES MEDIUM KLEINER QUADRAT
800,9726,◾,BLACK MEDIUM SMALL SQUARE,SCHWARZES MEDIUM KLEINER QUADRAT
801,128509,🗽,STATUE OF LIBERTY,FREIHEITSSTATUE
802,128510,🗾,SILHOUETTE OF JAPAN,SILHOUETTE VON JAPAN
803,128511,🗿,MOYAI,MOYAI
804,128512,😀,GRINNING FACE,GRÜNDES GESICHT
805,128513,😁,GRINNING FACE WITH SMILING EYES,Gesicht mit lächelnden Augen
806,128514,😂,FACE WITH TEARS OF JOY,GESICHT MIT TRÄNEN DER FREUDE
807,128515,😃,SMILING FACE WITH OPEN MOUTH,LÄCHELNDER GESICHT MIT OFFENEM MUND
808,128516,😄,SMILING FACE WITH OPEN MOUTH AND SMILING EYES,LÄCHELNDES GESICHT MIT OFFENEM MUND UND LÄCHELNDEN AUGEN
809,128517,😅,SMILING FACE WITH OPEN MOUTH AND COLD SWEAT,LÄCHELNDER GESICHT MIT OFFENEM MUND UND KALTEM SWEAT
810,128518,😆,SMILING FACE WITH OPEN MOUTH AND TIGHTLY-CLOSED EYES,LÄCHELNDES GESICHT MIT OFFENEM MUND UND DICHTEN AUGEN
811,128519,😇,SMILING FACE WITH HALO,LÄCHELNDES GESICHT MIT HALO
812,128520,😈,SMILING FACE WITH HORNS,LÄCHELNDES GESICHT MIT HÖREN
813,128521,😉,WINKING FACE,WINKING Gesicht
814,128522,😊,SMILING FACE WITH SMILING EYES,LÄCHELNDES GESICHT MIT LÄCHELNDEN AUGEN
815,128523,😋,FACE SAVOURING DELICIOUS FOOD,"Gesicht, das köstliches Essen einspart"
816,128524,😌,RELIEVED FACE,Entspanntes Gesicht
817,128525,😍,SMILING FACE WITH HEART-SHAPED EYES,LÄCHELNDES GESICHT MIT HERZFÖRMIGEN AUGEN
818,128526,😎,SMILING FACE WITH SUNGLASSES,Lächelndes Gesicht mit Sonnenbrille
819,128527,😏,SMIRKING FACE,Smirking Gesicht
820,128528,😐,NEUTRAL FACE,NEUTRALES GESICHT
821,128529,😑,EXPRESSIONLESS FACE,EXPRESSIONLOSES GESICHT
822,9748,☔,UMBRELLA WITH RAIN DROPS,REGENSCHIRM MIT REGEN TROPFEN
823,9749,☕,HOT BEVERAGE,HEISSES GETRÄNK
824,128530,😒,UNAMUSED FACE,UNBEKANNTES GESICHT
825,128531,😓,FACE WITH COLD SWEAT,GESICHT MIT KALTEM SWEAT
826,128532,😔,PENSIVE FACE,PENSIVE GESICHT
827,128533,😕,CONFUSED FACE,KONFUSIERTES GESICHT
828,128534,😖,CONFOUNDED FACE,KONFOUNDIERTES GESICHT
829,128535,😗,KISSING FACE,Küssendes Gesicht
830,128536,😘,FACE THROWING A KISS,"Gesicht, das einen Kuss wirft"
831,128537,😙,KISSING FACE WITH SMILING EYES,Küssendes Gesicht mit lachenden Augen
832,128538,😚,KISSING FACE WITH CLOSED EYES,Küssendes Gesicht mit geschlossenen Augen
833,128539,😛,FACE WITH STUCK-OUT TONGUE,GESICHT MIT STUCK-OUT ZUNGE
834,128540,😜,FACE WITH STUCK-OUT TONGUE AND WINKING EYE,GESICHT MIT STUCK-OUT ZUNGE UND WINKING AUGE
835,128541,😝,FACE WITH STUCK-OUT TONGUE AND TIGHTLY-CLOSED EYES,GESICHT MIT STUCK-OUT ZUNGE UND ENDLICH GESCHLOSSENEN AUGEN
836,128542,😞,DISAPPOINTED FACE,Enttäuschtes Gesicht
837,128543,😟,WORRIED FACE,Beunruhigtes Gesicht
838,128544,😠,ANGRY FACE,WÜTENDES GESICHT
839,128545,😡,POUTING FACE,Gesicht zeigen
840,128546,😢,CRYING FACE,CRYING GESICHT
841,128547,😣,PERSEVERING FACE,Beständiges Gesicht
842,128548,😤,FACE WITH LOOK OF TRIUMPH,GESICHT MIT BLICK VON TRIUMPH
843,128549,😥,DISAPPOINTED BUT RELIEVED FACE,"Enttäuschtes, aber entspanntes Gesicht"
844,128550,😦,FROWNING FACE WITH OPEN MOUTH,Gesicht mit offenem Mund
845,128551,😧,ANGUISHED FACE,ANGUISHES GESICHT
846,128552,😨,FEARFUL FACE,Furchtbares Gesicht
847,128553,😩,WEARY FACE,WEARY Gesicht
848,128554,😪,SLEEPY FACE,VERSCHLAFENES GESICHT
849,128555,😫,TIRED FACE,MÜDES GESICHT
850,128556,😬,GRIMACING FACE,GRIMACING Gesicht
851,128557,😭,LOUDLY CRYING FACE,LOUDY CRYING FACE
852,128558,😮,FACE WITH OPEN MOUTH,GESICHT MIT OFFENEM MUND
853,128559,😯,HUSHED FACE,Gestrecktes Gesicht
854,128560,😰,FACE WITH OPEN MOUTH AND COLD SWEAT,GESICHT MIT OFFENEM MUND UND KALTEM SWEAT
855,128561,😱,FACE SCREAMING IN FEAR,GESICHT SCHREIEN IN DER ANGST
856,128562,😲,ASTONISHED FACE,ASTONISIERTES GESICHT
857,128563,😳,FLUSHED FACE,ERRÖTETES GESICHT
858,128564,😴,SLEEPING FACE,SCHLAFEN GESICHT
859,128565,😵,DIZZY FACE,DIZZY-GESICHT
860,128566,😶,FACE WITHOUT MOUTH,GESICHT OHNE MUND
861,128567,😷,FACE WITH MEDICAL MASK,GESICHT MIT MEDIZINISCHER MASKE
862,128568,😸,GRINNING CAT FACE WITH SMILING EYES,GRINN-KATZE-GESICHT MIT LÄCHELNDEN AUGEN
863,128569,😹,CAT FACE WITH TEARS OF JOY,CAT-GESICHT MIT TRÄNEN DER FREUDE
864,128570,😺,SMILING CAT FACE WITH OPEN MOUTH,LÄCHELNDER CAT-GESICHT MIT OFFENEM MUND
865,128571,😻,SMILING CAT FACE WITH HEART-SHAPED EYES,LÄCHELNDER KATZE-GESICHT MIT HERZ-GEFORMTEN AUGEN
866,128572,😼,CAT FACE WITH WRY SMILE,CAT Gesicht mit Wry Lächeln
867,128573,😽,KISSING CAT FACE WITH CLOSED EYES,KÜSSEN KATZE GESICHT MIT GESCHLOSSENEN AUGEN
868,128574,😾,POUTING CAT FACE,CAT-Gesicht
869,128575,😿,CRYING CAT FACE,CRYING CAT GESICHT
870,128576,🙀,WEARY CAT FACE,WEARY CAT Gesicht
871,128577,🙁,SLIGHTLY FROWNING FACE,Leichtes Gesicht
872,128578,🙂,SLIGHTLY SMILING FACE,LEICHT LÄCHELNDES GESICHT
873,128579,🙃,UPSIDE-DOWN FACE,UPS-DOWN-GESICHT
874,9800,♈,ARIES,WIDDER
875,9801,♉,TAURUS,STIER
876,9802,♊,GEMINI,ZWILLINGE
877,9803,♋,CANCER,KREBS
878,9804,♌,LEO,LÖWE
879,9805,♍,VIRGO,JUNGFRAU
880,9806,♎,LIBRA,WAAGE
881,9807,♏,SCORPIUS,SCORPIUS
882,9808,♐,SAGITTARIUS,SCHÜTZE
883,9809,♑,CAPRICORN,STEINBOCK
884,9810,♒,AQUARIUS,WASSERMANN
885,9811,♓,PISCES,FISCHE
886,128587,🙋,HAPPY PERSON RAISING ONE HAND,"GLÜCKLICHE PERSON, DIE EINE HAND HEBT"
887,128588,🙌,PERSON RAISING BOTH HANDS IN CELEBRATION,"PERSON, DIE BEIDE HÄNDE IN DER FEIER ERHÖHT"
888,128589,🙍,PERSON FROWNING,PERSON FROWNING
889,128590,🙎,PERSON WITH POUTING FACE,PERSON MIT POUTING GESICHT
890,128591,🙏,PERSON WITH FOLDED HANDS,PERSON MIT GEFALTETEN HÄNDEN
891,9855,♿,WHEELCHAIR SYMBOL,ROLLSTUHLSYMBOL
892,128640,🚀,ROCKET,RAKETE
893,128641,🚁,HELICOPTER,HUBSCHRAUBER
894,128642,🚂,STEAM LOCOMOTIVE,DAMPFLOKOMOTIVE
895,128643,🚃,RAILWAY CAR,Eisenbahnwagen
896,128644,🚄,HIGH-SPEED TRAIN,HOCHGESCHWINDIGKEITSZUG
897,128645,🚅,HIGH-SPEED TRAIN WITH BULLET NOSE,Hochgeschwindigkeitszug mit Kugel Nase
898,128646,🚆,TRAIN,ZUG
899,128647,🚇,METRO,METRO
900,128648,🚈,LIGHT RAIL,STADTBAHN
901,128649,🚉,STATION,BAHNHOF
902,128650,🚊,TRAM,STRASSENBAHN
903,128651,🚋,TRAM CAR,Straßenbahnwagen
904,128652,🚌,BUS,BUS
905,128653,🚍,ONCOMING BUS,ANKOMMEN BUS
906,128654,🚎,TROLLEYBUS,OBUS
907,128655,🚏,BUS STOP,BUSHALTESTELLE
908,128656,🚐,MINIBUS,KLEINBUS
909,128657,🚑,AMBULANCE,KRANKENWAGEN
910,128658,🚒,FIRE ENGINE,Feuermotor
911,9875,⚓,ANCHOR,ANKER
912,128659,🚓,POLICE CAR,POLIZEIAUTO
913,128660,🚔,ONCOMING POLICE CAR,ANKUNFT POLIZEIWAGEN
914,128661,🚕,TAXI,TAXI
915,128662,🚖,ONCOMING TAXI,ANKOMMEN TAXI
916,128663,🚗,AUTOMOBILE,AUTOMOBIL
917,128664,🚘,ONCOMING AUTOMOBILE,ANKOMMENES AUTOMOBIL
918,128665,🚙,RECREATIONAL VEHICLE,WOHNMOBIL
919,128666,🚚,DELIVERY TRUCK,LIEFERWAGEN
920,128667,🚛,ARTICULATED LORRY,SATTELSCHLEPPER
921,128668,🚜,TRACTOR,TRAKTOR
922,128669,🚝,MONORAIL,EINSCHIENENBAHN
923,128670,🚞,MOUNTAIN RAILWAY,Bergbahn
924,128671,🚟,SUSPENSION RAILWAY,SUSPENSIONBAHN
925,9889,⚡,HIGH VOLTAGE SIGN,HOCHSPANNUNGSZEICHEN
926,128672,🚠,MOUNTAIN CABLEWAY,Bergbahn
927,128673,🚡,AERIAL TRAMWAY,Luftlinie
928,128674,🚢,SHIP,SCHIFF
929,128675,🚣,ROWBOAT,Rowboat
930,128676,🚤,SPEEDBOAT,Geschwindigkeitsboot
931,128677,🚥,HORIZONTAL TRAFFIC LIGHT,HORIZONTALES VERKEHRSLICHT
932,128678,🚦,VERTICAL TRAFFIC LIGHT,VERTIKALES VERKEHRSLICHT
933,128679,🚧,CONSTRUCTION SIGN,Bauzeichen
934,9898,⚪,MEDIUM WHITE CIRCLE,MITTLERER WEISSER KREIS
935,9899,⚫,MEDIUM BLACK CIRCLE,MITTLERER SCHWARZER KREIS
936,128680,🚨,POLICE CARS REVOLVING LIGHT,Polizeiwagen REVOLVING LIGHT
937,128681,🚩,TRIANGULAR FLAG ON POST,DREIECKIGE FLAGGE AUF POST
938,128682,🚪,DOOR,TÜR
939,128683,🚫,NO ENTRY SIGN,KEIN EINTRAGSZEICHEN
940,128684,🚬,SMOKING SYMBOL,RAUCHSYMBOL
941,128685,🚭,NO SMOKING SYMBOL,NICHTRAUCHER-SYMBOL
942,128686,🚮,PUT LITTER IN ITS PLACE SYMBOL,PUT LITTER IN SEINEM PLATZ SYMBOL
943,128687,🚯,DO NOT LITTER SYMBOL,LITTER SYMBOL NICHT
944,128688,🚰,POTABLE WATER SYMBOL,POTABLE WATER SYMBOL
945,128689,🚱,NON-POTABLE WATER SYMBOL,NICHT-POTABLE WATER SYMBOL
946,128690,🚲,BICYCLE,FAHRRAD
947,128691,🚳,NO BICYCLES,KEINE FAHRRÄDER
948,128692,🚴,BICYCLIST,RADFAHRER
949,128693,🚵,MOUNTAIN BICYCLIST,Mountainbiker
950,128694,🚶,PEDESTRIAN,FUSSGÄNGER
951,128695,🚷,NO PEDESTRIANS,KEINE FUSSGÄNGER
952,128696,🚸,CHILDREN CROSSING,KINDER KREUZEN
953,9917,⚽,SOCCER BALL,FUSSBALL
954,9918,⚾,BASEBALL,BASEBALL
955,128697,🚹,MENS SYMBOL,MENS-SYMBOL
956,128698,🚺,WOMENS SYMBOL,Frauen-Symbol
957,128699,🚻,RESTROOM,TOILETTE
958,128700,🚼,BABY SYMBOL,BABY-SYMBOL
959,128701,🚽,TOILET,TOILETTE
960,9924,⛄,SNOWMAN WITHOUT SNOW,SNOWMAN OHNE SCHNEE
961,9925,⛅,SUN BEHIND CLOUD,SONNE HINTER CLOUD
962,128702,🚾,WATER CLOSET,WASSERSCHRANK
963,128703,🚿,SHOWER,DUSCHE
964,128704,🛀,BATH,BAD
965,128705,🛁,BATHTUB,BADEWANNE
966,128706,🛂,PASSPORT CONTROL,PASSKONTROLLE
967,128707,🛃,CUSTOMS,ZOLL
968,128708,🛄,BAGGAGE CLAIM,Gepäckanspruch
969,128709,🛅,LEFT LUGGAGE,ZURÜCKGELASSENES GEPÄCK
970,9934,⛎,OPHIUCHUS,OPHIUCHUS
971,128716,🛌,SLEEPING ACCOMMODATION,SCHLAFZIMMER
972,128720,🛐,PLACE OF WORSHIP,ANBETUNGSSTÄTTE
973,128721,🛑,OCTAGONAL SIGN,OCTAGONALES ZEICHEN
974,128722,🛒,SHOPPING TROLLEY,EINKAUFSWAGEN
975,9940,⛔,NO ENTRY,KEIN EINLASS
976,127473,🇱,REGIONAL INDICATOR SYMBOL LETTER L,REGIONALER INDIKATOR SYMBOL LETTER L
977,9962,⛪,CHURCH,KIRCHE
978,128747,🛫,AIRPLANE DEPARTURE,Flugabflug
979,128748,🛬,AIRPLANE ARRIVING,FLUGZEUG ANKUNFT
980,127474,🇲,REGIONAL INDICATOR SYMBOL LETTER M,REGIONALER INDIKATOR SYMBOL LETTER M
981,9970,⛲,FOUNTAIN,BRUNNEN
982,9971,⛳,FLAG IN HOLE,FLAG IN LOCH
983,128756,🛴,SCOOTER,ROLLER
984,9973,⛵,SAILBOAT,SEGELBOOT
985,128757,🛵,MOTOR SCOOTER,MOTORROLLER
986,128758,🛶,CANOE,KANU
987,128759,🛷,SLED,SCHLITTEN
988,128760,🛸,FLYING SAUCER,FLIEGENDE UNTERTASSE
989,9978,⛺,TENT,ZELT
990,128761,🛹,SKATEBOARD,SKATEBOARD
991,9981,⛽,FUEL PUMP,BENZINPUMPE
992,9989,✅,WHITE HEAVY CHECK MARK,WEISS SCHWERES CHECK MARK
993,129510,🧦,SOCKS,SOCKEN
994,128580,🙄,FACE WITH ROLLING EYES,GESICHT MIT ROLLEN AUGEN
995,127475,🇳,REGIONAL INDICATOR SYMBOL LETTER N,REGIONALANZEIGER SYMBOLBRIEF N
996,9994,✊,RAISED FIST,AUFGEHOBENE FAUST
997,9995,✋,RAISED HAND,RAISED HAND
998,128581,🙅,FACE WITH NO GOOD GESTURE,GESICHT OHNE GUTE GESTE
999,128582,🙆,FACE WITH OK GESTURE,GESICHT MIT OK GESTERN
1000,128583,🙇,PERSON BOWING DEEPLY,"PERSON, die TIEF BIEGT"
1001,128584,🙈,SEE-NO-EVIL MONKEY,SEE-NO-EVIL-AFFE
1002,129511,🧧,RED GIFT ENVELOPE,ROTER GESCHENKUMSCHLAG
1003,128585,🙉,HEAR-NO-EVIL MONKEY,HEAR-NO-EVIL AFFE
1004,127476,🇴,REGIONAL INDICATOR SYMBOL LETTER O,REGIONALER INDIKATOR SYMBOL LETTER O
1005,128586,🙊,SPEAK-NO-EVIL MONKEY,SPEAK-NO-EVIL-AFFE
1006,10024,✨,SPARKLES,Funkeln
1007,129512,🧨,FIRECRACKER,FIRECRACKER
1008,127477,🇵,REGIONAL INDICATOR SYMBOL LETTER P,REGIONALER INDIKATOR SYMBOL LETTER P
1009,10060,❌,CROSS MARK,KREUZMARKE
1010,10062,❎,NEGATIVE SQUARED CROSS MARK,NEGATIVE QUADRIERTE KREUZMARKE
1011,129513,🧩,JIGSAW PUZZLE PIECE,JIGSAW PUZZLE STÜCK
1012,127478,🇶,REGIONAL INDICATOR SYMBOL LETTER Q,REGIONALER INDIKATOR SYMBOL LETTER Q
1013,10067,❓,BLACK QUESTION MARK ORNAMENT,SCHWARZES FRAGENZEICHEN-VERZIERUNG
1014,10068,❔,WHITE QUESTION MARK ORNAMENT,WEISSES FRAGE-ZEICHEN-VERZIERUNG
1015,10069,❕,WHITE EXCLAMATION MARK ORNAMENT,WEISSES AUSRUFS-MARKIERUNGS-VERZIERUNG
1016,10071,❗,HEAVY EXCLAMATION MARK SYMBOL,SCHWERES AUSRUFZEICHEN SYMBOL
1017,129514,🧪,TEST TUBE,TESTROHR
1018,129515,🧫,PETRI DISH,PETRISCHALE
1019,10133,➕,HEAVY PLUS SIGN,SCHWERE PLUS ZEICHEN
1020,10134,➖,HEAVY MINUS SIGN,SCHWERE MINUSZEICHEN
1021,10135,➗,HEAVY DIVISION SIGN,SCHWERES ABTEILUNGSZEICHEN
1022,129424,🦐,SHRIMP,GARNELE
1023,129425,🦑,SQUID,TINTENFISCH
1024,10160,➰,CURLY LOOP,LOCKIGE SCHLEIFE
1025,10175,➿,DOUBLE CURLY LOOP,DOPPELT LOCKIGE SCHLEIFE
1026,129520,🧰,TOOLBOX,WERKZEUGKASTEN
